battery_id,cycle,type,capacity,soh,health_state
B0005,2,discharge,1.8564874208181574,1.0,ЗЕЛЕНЫЙ
B0005,4,discharge,1.846327249719927,0.9945272071416714,ЗЕЛЕНЫЙ
B0005,6,discharge,1.8353491942234077,0.9886138595081705,ЗЕЛЕНЫЙ
B0005,8,discharge,1.8352625275821128,0.9885671763794173,ЗЕЛЕНЫЙ
B0005,10,discharge,1.8346455082120419,0.9882348178817771,ЗЕЛЕНЫЙ
B0005,12,discharge,1.8356616600675495,0.9887821697485943,ЗЕЛЕНЫЙ
B0005,14,discharge,1.8351461429226603,0.9885044855913476,ЗЕЛЕНЫЙ
B0005,16,discharge,1.8257567905665537,0.9834468955151549,ЗЕЛЕНЫЙ
B0005,18,discharge,1.8247738529891333,0.9829174345738104,ЗЕЛЕНЫЙ
B0005,20,discharge,1.824613268496936,0.982830935473199,ЗЕЛЕНЫЙ
B0005,22,discharge,1.8246195526864504,0.9828343204622076,ЗЕЛЕНЫЙ
B0005,25,discharge,1.8142019357673917,0.9772228539894279,ЗЕЛЕНЫЙ
B0005,27,discharge,1.8137521577549054,0.9769805803238794,ЗЕЛЕНЫЙ
B0005,29,discharge,1.8134404914735822,0.9768127007692816,ЗЕЛЕНЫЙ
B0005,31,discharge,1.8025980036306504,0.9709723768751647,ЗЕЛЕНЫЙ
B0005,33,discharge,1.80210690024615,0.9707078432300706,ЗЕЛЕНЫЙ
B0005,35,discharge,1.802579500826209,0.9709624103091467,ЗЕЛЕНЫЙ
B0005,37,discharge,1.8030683142834096,0.9712257104811376,ЗЕЛЕНЫЙ
B0005,39,discharge,1.8027776247196041,0.9710691300699019,ЗЕЛЕНЫЙ
B0005,42,discharge,1.8470259949329193,0.9949035873989017,ЗЕЛЕНЫЙ
B0005,46,discharge,1.847417311283644,0.995114370594272,ЗЕЛЕНЫЙ
B0005,50,discharge,1.8361774213478947,0.9890599854098058,ЗЕЛЕНЫЙ
B0005,54,discharge,1.8257807475776242,0.9834597999985366,ЗЕЛЕНЫЙ
B0005,58,discharge,1.8251136435078368,0.9831004632950897,ЗЕЛЕНЫЙ
B0005,62,discharge,1.8255815042203762,0.9833524772367372,ЗЕЛЕНЫЙ
B0005,66,discharge,1.8140311275083907,0.9771308478400268,ЗЕЛЕНЫЙ
B0005,70,discharge,1.8147691941158939,0.9775284086310274,ЗЕЛЕНЫЙ
B0005,74,discharge,1.813969388710352,0.9770975921350076,ЗЕЛЕНЫЙ
B0005,78,discharge,1.802765665167823,0.9710626880376818,ЗЕЛЕНЫЙ
B0005,82,discharge,1.804077040117352,0.9717690623092355,ЗЕЛЕНЫЙ
B0005,86,discharge,1.8518025516704486,0.9974764875349146,ЗЕЛЕНЫЙ
B0005,90,discharge,1.8307038456739428,0.9861116348782737,ЗЕЛЕНЫЙ
B0005,94,discharge,1.8199041089501267,0.9802943389447215,ЗЕЛЕНЫЙ
B0005,98,discharge,1.8093079637028517,0.9745867078945714,ЗЕЛЕНЫЙ
B0005,102,discharge,1.80460990458052,0.9720560906279802,ЗЕЛЕНЫЙ
B0005,106,discharge,1.7993770651972192,0.9692374130950105,ЗЕЛЕНЫЙ
B0005,110,discharge,1.7884432335370462,0.9633478867036308,ЗЕЛЕНЫЙ
B0005,114,discharge,1.7829230484252723,0.9603744299218223,ЗЕЛЕНЫЙ
B0005,118,discharge,1.7730337158018288,0.9550475246530081,ЗЕЛЕНЫЙ
B0005,122,discharge,1.773037755078937,0.9550497004162602,ЗЕЛЕНЫЙ
B0005,126,discharge,1.7678721106662054,0.9522672175646096,ЗЕЛЕНЫЙ
B0005,130,discharge,1.7623150704093087,0.9492739086983165,ЗЕЛЕНЫЙ
B0005,134,discharge,1.7676172924938447,0.9521299593373235,ЗЕЛЕНЫЙ
B0005,136,discharge,1.762668359743147,0.9494642085785509,ЗЕЛЕНЫЙ
B0005,140,discharge,1.7517304870664143,0.9435725054869607,ЗЕЛЕНЫЙ
B0005,144,discharge,1.7418496047960008,0.9382501520146926,ЗЕЛЕНЫЙ
B0005,148,discharge,1.7360913511847138,0.935148459244402,ЗЕЛЕНЫЙ
B0005,150,discharge,1.7936240148573608,0.9661385230754256,ЗЕЛЕНЫЙ
B0005,154,discharge,1.7831890223273275,0.9605176972012408,ЗЕЛЕНЫЙ
B0005,158,discharge,1.7673642076278957,0.9519936347583842,ЗЕЛЕНЫЙ
B0005,162,discharge,1.7570177850353066,0.9464205172265512,ЗЕЛЕНЫЙ
B0005,166,discharge,1.7468706179837907,0.9409547290193551,ЗЕЛЕНЫЙ
B0005,170,discharge,1.7417172507457144,0.9381788592880077,ЗЕЛЕНЫЙ
B0005,174,discharge,1.7364225056478186,0.9353268361401414,ЗЕЛЕНЫЙ
B0005,178,discharge,1.7263217239235826,0.92988603346571,ЗЕЛЕНЫЙ
B0005,182,discharge,1.7158065389330133,0.9242220117908766,ЗЕЛЕНЫЙ
B0005,186,discharge,1.710533351135192,0.9213816005181208,ЗЕЛЕНЫЙ
B0005,190,discharge,1.706014499648521,0.9189475137389712,ЗЕЛЕНЫЙ
B0005,194,discharge,1.7003110272642588,0.9158753289666399,ЗЕЛЕНЫЙ
B0005,198,discharge,1.6945798601797895,0.9127882263985312,ЗЕЛЕНЫЙ
B0005,202,discharge,1.6849029086609286,0.9075757205607075,ЗЕЛЕНЫЙ
B0005,206,discharge,1.6744741591159717,0.9019582574806932,ЗЕЛЕНЫЙ
B0005,210,discharge,1.6745692479879102,0.902009477257823,ЗЕЛЕНЫЙ
B0005,214,discharge,1.663716375981405,0.896163559916933,ЗЕЛЕНЫЙ
B0005,216,discharge,1.659013868748246,0.893630546668135,ЗЕЛЕНЫЙ
B0005,220,discharge,1.6538540573335014,0.8908512057704355,ЗЕЛЕНЫЙ
B0005,224,discharge,1.642653782130131,0.8848181591266643,ЗЕЛЕНЫЙ
B0005,228,discharge,1.6378578430223698,0.8822348186450748,ЗЕЛЕНЫЙ
B0005,232,discharge,1.6327350407099108,0.8794754127611387,ЗЕЛЕНЫЙ
B0005,236,discharge,1.6277528915533617,0.8767917699307696,ЗЕЛЕНЫЙ
B0005,240,discharge,1.622125485521159,0.8737605584239754,ЗЕЛЕНЫЙ
B0005,244,discharge,1.6113256603765849,0.8679432148624366,ЗЕЛЕНЫЙ
B0005,248,discharge,1.6065631397488385,0.865377875300024,ЗЕЛЕНЫЙ
B0005,252,discharge,1.6015142233917594,0.8626582682073705,ЗЕЛЕНЫЙ
B0005,256,discharge,1.590369231400328,0.8566549999565574,ЗЕЛЕНЫЙ
B0005,260,discharge,1.5857889968242211,0.854187849075412,ЗЕЛЕНЫЙ
B0005,264,discharge,1.5849430707374117,0.853732189598637,ЗЕЛЕНЫЙ
B0005,266,discharge,1.5955263892495937,0.8594329115068511,ЗЕЛЕНЫЙ
B0005,270,discharge,1.5747301747801037,0.8482309964083232,ЖЕЛТЫЙ
B0005,274,discharge,1.5649019950937946,0.8429370312695894,ЖЕЛТЫЙ
B0005,278,discharge,1.5597659473370362,0.8401704907053151,ЖЕЛТЫЙ
B0005,282,discharge,1.5594815668184234,0.8400173086716403,ЖЕЛТЫЙ
B0005,286,discharge,1.55468935359061,0.8374359751414073,ЖЕЛТЫЙ
B0005,290,discharge,1.5488741079890418,0.8343035835418966,ЖЕЛТЫЙ
B0005,294,discharge,1.538236598942558,0.8285736718133292,ЖЕЛТЫЙ
B0005,298,discharge,1.527914258251028,0.8230135260370756,ЖЕЛТЫЙ
B0005,302,discharge,1.5285252629756445,0.8233426447360579,ЖЕЛТЫЙ
B0005,306,discharge,1.522647325284378,0.8201764839394088,ЖЕЛТЫЙ
B0005,310,discharge,1.5174859938489869,0.8173963242800902,ЖЕЛТЫЙ
B0005,313,discharge,1.605818899130659,0.8649769888680268,ЗЕЛЕНЫЙ
B0005,316,discharge,1.5638491446744425,0.8423699116610504,ЖЕЛТЫЙ
B0005,320,discharge,1.5480915247767786,0.8338820438085877,ЖЕЛТЫЙ
B0005,324,discharge,1.5323755631868592,0.8254166152720488,ЖЕЛТЫЙ
B0005,328,discharge,1.5269528268489705,0.8224956494324317,ЖЕЛТЫЙ
B0005,332,discharge,1.5169573017136326,0.8171115433925789,ЖЕЛТЫЙ
B0005,336,discharge,1.5118975960142693,0.8143861246029738,ЖЕЛТЫЙ
B0005,340,discharge,1.5065638960681105,0.811513118362076,ЖЕЛТЫЙ
B0005,344,discharge,1.5015453526671363,0.8088098717121404,ЖЕЛТЫЙ
B0005,348,discharge,1.4908444050400238,0.8030457886878684,ЖЕЛТЫЙ
B0005,352,discharge,1.485868384561201,0.8003654470798278,ЖЕЛТЫЙ
B0005,356,discharge,1.480413677976106,0.7974272604140161,ЖЕЛТЫЙ
B0005,360,discharge,1.4752095869031632,0.7946240682056631,ЖЕЛТЫЙ
B0005,364,discharge,1.4859035988304024,0.8003844153038009,ЖЕЛТЫЙ
B0005,367,discharge,1.4960918298136696,0.8058723226653155,ЖЕЛТЫЙ
B0005,371,discharge,1.4808005946928984,0.7976356737393387,ЖЕЛТЫЙ
B0005,375,discharge,1.4697543268466824,0.79168558341158,ЖЕЛТЫЙ
B0005,379,discharge,1.4539012274845928,0.7831462853887025,ЖЕЛТЫЙ
B0005,383,discharge,1.4541462067235693,0.7832782438583529,ЖЕЛТЫЙ
B0005,387,discharge,1.455023751906683,0.7837509350133121,ЖЕЛТЫЙ
B0005,391,discharge,1.449042163761236,0.7805289427291894,ЖЕЛТЫЙ
B0005,395,discharge,1.4386709371480566,0.7749424644709048,ЖЕЛТЫЙ
B0005,399,discharge,1.433445432156979,0.7721277376203588,ЖЕЛТЫЙ
B0005,403,discharge,1.4333958900838095,0.7721010517012333,ЖЕЛТЫЙ
B0005,407,discharge,1.42806487344776,0.7692294908297354,ЖЕЛТЫЙ
B0005,411,discharge,1.4229203181741186,0.7664583676775116,ЖЕЛТЫЙ
B0005,415,discharge,1.417429032731308,0.7635004777498812,ЖЕЛТЫЙ
B0005,419,discharge,1.412409228794446,0.7607965521102183,ЖЕЛТЫЙ
B0005,423,discharge,1.412578792940193,0.7608878881159705,ЖЕЛТЫЙ
B0005,427,discharge,1.4075983731469897,0.7582051768100095,ЖЕЛТЫЙ
B0005,431,discharge,1.4333920485221476,0.7720989824377313,ЖЕЛТЫЙ
B0005,433,discharge,1.4382550176792908,0.7747184287655712,ЖЕЛТЫЙ
B0005,437,discharge,1.4173547174485526,0.7634604477007023,ЖЕЛТЫЙ
B0005,441,discharge,1.406981663677643,0.7578729852409039,ЖЕЛТЫЙ
B0005,445,discharge,1.4012037783587625,0.7547607178190572,ЖЕЛТЫЙ
B0005,449,discharge,1.3967008232726328,0.7523351936621817,ЖЕЛТЫЙ
B0005,453,discharge,1.391284788852726,0.7494178378216989,ЖЕЛТЫЙ
B0005,457,discharge,1.3862287677978349,0.7466944037718938,ЖЕЛТЫЙ
B0005,461,discharge,1.3804366761974138,0.74357448411315,ЖЕЛТЫЙ
B0005,465,discharge,1.3752364150256224,0.740773354887346,ЖЕЛТЫЙ
B0005,469,discharge,1.3705128024895008,0.7382289732324248,ЖЕЛТЫЙ
B0005,473,discharge,1.3705085566270399,0.7382266861916329,ЖЕЛТЫЙ
B0005,477,discharge,1.3647355108681518,0.7351170256067291,ЖЕЛТЫЙ
B0005,481,discharge,1.375392016895762,0.7408571700903981,ЖЕЛТЫЙ
B0005,483,discharge,1.3861115151535393,0.746631245442362,ЖЕЛТЫЙ
B0005,485,discharge,1.3698500035838939,0.7378719555127383,ЖЕЛТЫЙ
B0005,489,discharge,1.3647827949260758,0.735142495242232,ЖЕЛТЫЙ
B0005,493,discharge,1.3543220466259964,0.7295077959801872,ЖЕЛТЫЙ
B0005,497,discharge,1.3546417018378962,0.7296799787853683,ЖЕЛТЫЙ
B0005,501,discharge,1.3547039213192407,0.7297134934112401,ЖЕЛТЫЙ
B0005,505,discharge,1.349314997503458,0.7268107407422197,ЖЕЛТЫЙ
B0005,509,discharge,1.3441891937970554,0.7240497181525036,ЖЕЛТЫЙ
B0005,513,discharge,1.3389913790695755,0.7212499067079483,ЖЕЛТЫЙ
B0005,517,discharge,1.3389145230206971,0.721208508070922,ЖЕЛТЫЙ
B0005,521,discharge,1.3340066759761655,0.7185648881952921,ЖЕЛТЫЙ
B0005,525,discharge,1.3286444309174914,0.7156765060826296,ЖЕЛТЫЙ
B0005,529,discharge,1.3231708992276219,0.7127281792431958,ЖЕЛТЫЙ
B0005,533,discharge,1.3181691588445197,0.7100339835664494,ЖЕЛТЫЙ
B0005,537,discharge,1.3184664436640334,0.7101941165230103,ЖЕЛТЫЙ
B0005,541,discharge,1.318293040102702,0.7101007124097442,ЖЕЛТЫЙ
B0005,545,discharge,1.323872422244268,0.7131060557689289,ЖЕЛТЫЙ
B0005,548,discharge,1.3601216766554785,0.7326317762261326,ЖЕЛТЫЙ
B0005,552,discharge,1.3395306867947354,0.721540405700353,ЖЕЛТЫЙ
B0005,556,discharge,1.3290286565120697,0.7158834698305493,ЖЕЛТЫЙ
B0005,560,discharge,1.3236741274998955,0.7129992439790138,ЖЕЛТЫЙ
B0005,564,discharge,1.318633896753293,0.7102843154047166,ЖЕЛТЫЙ
B0005,568,discharge,1.3134751321324272,0.7075055383642601,ЖЕЛТЫЙ
B0005,572,discharge,1.3132020634442203,0.7073584494666222,ЖЕЛТЫЙ
B0005,576,discharge,1.3077959946944353,0.704446461650727,ЖЕЛТЫЙ
B0005,580,discharge,1.3030329186405918,0.7018808229071344,ЖЕЛТЫЙ
B0005,584,discharge,1.3033573559038205,0.7020555815721221,ЖЕЛТЫЙ
B0005,588,discharge,1.3034100438655642,0.7020839620292978,ЖЕЛТЫЙ
B0005,592,discharge,1.2978870806495706,0.699109008817086,ОРАНЖЕВЫЙ
B0005,596,discharge,1.2980735056918902,0.6992094269724848,ОРАНЖЕВЫЙ
B0005,600,discharge,1.293463613844243,0.6967263011532883,ОРАНЖЕВЫЙ
B0005,604,discharge,1.288003392619118,0.6937851440175622,ОРАНЖЕВЫЙ
B0005,608,discharge,1.2874525221379407,0.6934884167276275,ОРАНЖЕВЫЙ
B0005,612,discharge,1.3090153642307354,0.705103277055252,ЖЕЛТЫЙ
B0005,614,discharge,1.3250793286429356,0.7137561578838874,ЖЕЛТЫЙ
B0006,2,discharge,2.035337591005598,1.0,ЗЕЛЕНЫЙ
B0006,4,discharge,2.0251402460314116,0.9949898508143074,ЗЕЛЕНЫЙ
B0006,6,discharge,2.013326371345464,0.9891854698908897,ЗЕЛЕНЫЙ
B0006,8,discharge,2.0132846655407413,0.9891649790372313,ЗЕЛЕНЫЙ
B0006,10,discharge,2.000528337624771,0.9828975529491258,ЗЕЛЕНЫЙ
B0006,12,discharge,2.0138990759931645,0.989466850557287,ЗЕЛЕНЫЙ
B0006,14,discharge,2.013101105626967,0.98907479256665,ЗЕЛЕНЫЙ
B0006,16,discharge,1.9687898262728398,0.9673038197560735,ЗЕЛЕНЫЙ
B0006,18,discharge,1.9681661764334244,0.9669974087497759,ЗЕЛЕНЫЙ
B0006,20,discharge,1.9572307917560536,0.9616246466459876,ЗЕЛЕНЫЙ
B0006,22,discharge,1.9455991514129352,0.9559098009149796,ЗЕЛЕНЫЙ
B0006,25,discharge,1.9347505044841131,0.9505796547137972,ЗЕЛЕНЫЙ
B0006,27,discharge,1.9232799539368028,0.9449439554578114,ЗЕЛЕНЫЙ
B0006,29,discharge,1.911889930948487,0.939347820920401,ЗЕЛЕНЫЙ
B0006,31,discharge,1.9010667141979305,0.9340301690486008,ЗЕЛЕНЫЙ
B0006,33,discharge,1.8891989948061458,0.9281993331989463,ЗЕЛЕНЫЙ
B0006,35,discharge,1.878278372248849,0.9228338240050139,ЗЕЛЕНЫЙ
B0006,37,discharge,1.8675697161520206,0.9175724579573611,ЗЕЛЕНЫЙ
B0006,39,discharge,1.8675892574453767,0.9175820589657847,ЗЕЛЕНЫЙ
B0006,42,discharge,1.979626548250818,0.9726281070025072,ЗЕЛЕНЫЙ
B0006,46,discharge,1.9575499080884022,0.9617814345585967,ЗЕЛЕНЫЙ
B0006,50,discharge,1.9458150170787551,0.956015859814876,ЗЕЛЕНЫЙ
B0006,54,discharge,1.9242461121680094,0.945418647339628,ЗЕЛЕНЫЙ
B0006,58,discharge,1.9459811331421641,0.9560974757905958,ЗЕЛЕНЫЙ
B0006,62,discharge,1.901407930553079,0.9341978151219875,ЗЕЛЕНЫЙ
B0006,66,discharge,1.878674213680085,0.923028308415357,ЗЕЛЕНЫЙ
B0006,70,discharge,1.8683061328264219,0.9179342734506019,ЗЕЛЕНЫЙ
B0006,74,discharge,1.8560244070082998,0.9119000283836427,ЗЕЛЕНЫЙ
B0006,78,discharge,1.8451997961855777,0.9065816915777205,ЗЕЛЕНЫЙ
B0006,82,discharge,1.857228890885317,0.9124918141799352,ЗЕЛЕНЫЙ
B0006,86,discharge,1.9247760889090635,0.9456790349742867,ЗЕЛЕНЫЙ
B0006,90,discharge,1.8822317526092551,0.9247761948322795,ЗЕЛЕНЫЙ
B0006,94,discharge,1.855276687885587,0.9115326597829658,ЗЕЛЕНЫЙ
B0006,98,discharge,1.8392508917181876,0.9036588818710266,ЗЕЛЕНЫЙ
B0006,102,discharge,1.8185396073994429,0.8934830346748316,ЗЕЛЕНЫЙ
B0006,106,discharge,1.8134770059567056,0.8909956824708977,ЗЕЛЕНЫЙ
B0006,110,discharge,1.7971018450305436,0.8829502550201761,ЗЕЛЕНЫЙ
B0006,114,discharge,1.7810046294120476,0.8750413873759919,ЗЕЛЕНЫЙ
B0006,118,discharge,1.7710130422682329,0.8701323309187394,ЗЕЛЕНЫЙ
B0006,122,discharge,1.7604712448170943,0.864952945691579,ЗЕЛЕНЫЙ
B0006,126,discharge,1.7502913788006587,0.859951384249673,ЗЕЛЕНЫЙ
B0006,130,discharge,1.7394925037732578,0.8546456919285944,ЗЕЛЕНЫЙ
B0006,134,discharge,1.7546766553637203,0.8621059538809914,ЗЕЛЕНЫЙ
B0006,136,discharge,1.7659390941842175,0.867639403894526,ЗЕЛЕНЫЙ
B0006,140,discharge,1.7337887419624838,0.8518433254632082,ЗЕЛЕНЫЙ
B0006,144,discharge,1.713325912040734,0.8417895486292435,ЖЕЛТЫЙ
B0006,148,discharge,1.7024077813673466,0.8364252637451849,ЖЕЛТЫЙ
B0006,150,discharge,1.82371946178183,0.8960279954741002,ЗЕЛЕНЫЙ
B0006,154,discharge,1.8081284050314708,0.8883678132914206,ЗЕЛЕНЫЙ
B0006,158,discharge,1.7757610945034283,0.8724651391251901,ЗЕЛЕНЫЙ
B0006,162,discharge,1.7447409841836798,0.8572243699983239,ЗЕЛЕНЫЙ
B0006,166,discharge,1.729207034132373,0.8495922454210777,ЖЕЛТЫЙ
B0006,170,discharge,1.7081086552553244,0.8392262113192732,ЖЕЛТЫЙ
B0006,174,discharge,1.6975954237461768,0.8340608610817466,ЖЕЛТЫЙ
B0006,178,discharge,1.6820634524029463,0.8264297086813447,ЖЕЛТЫЙ
B0006,182,discharge,1.6714768322295086,0.821228301199745,ЖЕЛТЫЙ
B0006,186,discharge,1.6607591387047655,0.8159624948921792,ЖЕЛТЫЙ
B0006,190,discharge,1.651121015038069,0.8112271017518528,ЖЕЛТЫЙ
B0006,194,discharge,1.6401349256190927,0.8058294274458677,ЖЕЛТЫЙ
B0006,198,discharge,1.6291999416165441,0.8004568622012265,ЖЕЛТЫЙ
B0006,202,discharge,1.6088496302961666,0.7904583678923177,ЖЕЛТЫЙ
B0006,206,discharge,1.6035244898969248,0.7878420253146665,ЖЕЛТЫЙ
B0006,210,discharge,1.5989712144027983,0.7856049146190022,ЖЕЛТЫЙ
B0006,214,discharge,1.5876273123575604,0.780031440176547,ЖЕЛТЫЙ
B0006,216,discharge,1.5829719744686166,0.7777441842886215,ЖЕЛТЫЙ
B0006,220,discharge,1.567137636713563,0.7699644735295673,ЖЕЛТЫЙ
B0006,224,discharge,1.5613446139713882,0.7671182514739364,ЖЕЛТЫЙ
B0006,228,discharge,1.5511711892790419,0.762119854776846,ЖЕЛТЫЙ
B0006,232,discharge,1.5406741606295171,0.7569624653118686,ЖЕЛТЫЙ
B0006,236,discharge,1.5253138744624433,0.7494156650980108,ЖЕЛТЫЙ
B0006,240,discharge,1.5301570318067428,0.7517952002501654,ЖЕЛТЫЙ
B0006,244,discharge,1.5246566834474087,0.7490927746753414,ЖЕЛТЫЙ
B0006,248,discharge,1.5145492986655427,0.744126824640059,ЖЕЛТЫЙ
B0006,252,discharge,1.509391504602082,0.7415927024943012,ЖЕЛТЫЙ
B0006,256,discharge,1.5039974333050705,0.7389424928579005,ЖЕЛТЫЙ
B0006,260,discharge,1.4935201918040188,0.7337948251946333,ЖЕЛТЫЙ
B0006,264,discharge,1.4876323024497422,0.7309019933714036,ЖЕЛТЫЙ
B0006,266,discharge,1.5302876214401704,0.7518593614163546,ЖЕЛТЫЙ
B0006,270,discharge,1.5040760088360112,0.7389810985080334,ЖЕЛТЫЙ
B0006,274,discharge,1.4887593608730894,0.7314557385723608,ЖЕЛТЫЙ
B0006,278,discharge,1.4782779285546637,0.7263060118809538,ЖЕЛТЫЙ
B0006,282,discharge,1.478459982215684,0.7263954583009604,ЖЕЛТЫЙ
B0006,286,discharge,1.473214844899973,0.7238184227571322,ЖЕЛТЫЙ
B0006,290,discharge,1.4675164935067897,0.7210187145326269,ЖЕЛТЫЙ
B0006,294,discharge,1.4516292657521335,0.7132130179126343,ЖЕЛТЫЙ
B0006,298,discharge,1.4519237720967177,0.7133577144710262,ЖЕЛТЫЙ
B0006,302,discharge,1.4471484694777745,0.711011517633683,ЖЕЛТЫЙ
B0006,306,discharge,1.4468538105659885,0.7108667461161282,ЖЕЛТЫЙ
B0006,310,discharge,1.4416741930284678,0.708321901683239,ЖЕЛТЫЙ
B0006,313,discharge,1.5935866593100128,0.7829593804744059,ЖЕЛТЫЙ
B0006,316,discharge,1.5463902376915637,0.759770882494014,ЖЕЛТЫЙ
B0006,320,discharge,1.51470559175661,0.7442036144029749,ЖЕЛТЫЙ
B0006,324,discharge,1.4989786083335404,0.7364766488653811,ЖЕЛТЫЙ
B0006,328,discharge,1.4831110745410492,0.7286806282628964,ЖЕЛТЫЙ
B0006,332,discharge,1.4729664825468278,0.7236963976177928,ЖЕЛТЫЙ
B0006,336,discharge,1.4627604396099307,0.7186819749578868,ЖЕЛТЫЙ
B0006,340,discharge,1.4518364681062514,0.7133148203630159,ЖЕЛТЫЙ
B0006,344,discharge,1.4468670644030392,0.7108732579778997,ЖЕЛТЫЙ
B0006,348,discharge,1.441380399427779,0.7081775553094546,ЖЕЛТЫЙ
B0006,352,discharge,1.431210744960774,0.7031810109956533,ЖЕЛТЫЙ
B0006,356,discharge,1.4260247179525716,0.7006330174681323,ЖЕЛТЫЙ
B0006,360,discharge,1.420487649966195,0.6979125508434085,ОРАНЖЕВЫЙ
B0006,364,discharge,1.4207006230355006,0.6980171885557206,ОРАНЖЕВЫЙ
B0006,367,discharge,1.452255804330839,0.7135208482113887,ЖЕЛТЫЙ
B0006,371,discharge,1.431557632772571,0.7033514435633659,ЖЕЛТЫЙ
B0006,375,discharge,1.415015751158943,0.6952241030736463,ОРАНЖЕВЫЙ
B0006,379,discharge,1.4097311506517451,0.6926276785146194,ОРАНЖЕВЫЙ
B0006,383,discharge,1.404917318129309,0.6902625512041874,ОРАНЖЕВЫЙ
B0006,387,discharge,1.395164296571563,0.6854707065486149,ОРАНЖЕВЫЙ
B0006,391,discharge,1.3945343832614077,0.6851612181802287,ОРАНЖЕВЫЙ
B0006,395,discharge,1.3893171179312644,0.6825978766720686,ОРАНЖЕВЫЙ
B0006,399,discharge,1.3838379472327809,0.6799058560840853,ОРАНЖЕВЫЙ
B0006,403,discharge,1.3736814238195123,0.674915763306282,ОРАНЖЕВЫЙ
B0006,407,discharge,1.3786059891863676,0.6773352957654757,ОРАНЖЕВЫЙ
B0006,411,discharge,1.3737600299108574,0.6749543839713218,ОРАНЖЕВЫЙ
B0006,415,discharge,1.3682580583942712,0.6722511609085237,ОРАНЖЕВЫЙ
B0006,419,discharge,1.3633024037317505,0.6698163536881292,ОРАНЖЕВЫЙ
B0006,423,discharge,1.3580966140172601,0.6672586503678076,ОРАНЖЕВЫЙ
B0006,427,discharge,1.353269090999531,0.6648867966571198,ОРАНЖЕВЫЙ
B0006,431,discharge,1.3841605738237488,0.6800643686533974,ОРАНЖЕВЫЙ
B0006,433,discharge,1.4051467790651473,0.6903752897183545,ОРАНЖЕВЫЙ
B0006,437,discharge,1.378719022627353,0.6773908312410081,ОРАНЖЕВЫЙ
B0006,441,discharge,1.3682657783199066,0.6722549538545536,ОРАНЖЕВЫЙ
B0006,445,discharge,1.3573151296618016,0.6668746922672389,ОРАНЖЕВЫЙ
B0006,449,discharge,1.3524934638801596,0.6645057163278422,ОРАНЖЕВЫЙ
B0006,453,discharge,1.3474099151661236,0.6620080723318286,ОРАНЖЕВЫЙ
B0006,457,discharge,1.3370075130842318,0.656897174696045,ОРАНЖЕВЫЙ
B0006,461,discharge,1.3312352966718526,0.6540611751852576,ОРАНЖЕВЫЙ
B0006,465,discharge,1.3259303781727643,0.6514547680110712,ОРАНЖЕВЫЙ
B0006,469,discharge,1.321578743867529,0.6493167274597319,ОРАНЖЕВЫЙ
B0006,473,discharge,1.321225074066109,0.6491429627717592,ОРАНЖЕВЫЙ
B0006,477,discharge,1.3156485301862682,0.6464031008911139,ОРАНЖЕВЫЙ
B0006,481,discharge,1.3209025697502388,0.648984510278524,ОРАНЖЕВЫЙ
B0006,483,discharge,1.3474328767273906,0.6620193537828117,ОРАНЖЕВЫЙ
B0006,485,discharge,1.3260128072353616,0.6514952669744675,ОРАНЖЕВЫЙ
B0006,489,discharge,1.3101186784831063,0.6436861797633369,ОРАНЖЕВЫЙ
B0006,493,discharge,1.30521620229393,0.6412775001365069,ОРАНЖЕВЫЙ
B0006,497,discharge,1.3004061951355774,0.6389142523000749,ОРАНЖЕВЫЙ
B0006,501,discharge,1.300235735841116,0.6388305024124815,ОРАНЖЕВЫЙ
B0006,505,discharge,1.2895066722480755,0.6335591097744968,ОРАНЖЕВЫЙ
B0006,509,discharge,1.279253057384795,0.6285213141239901,ОРАНЖЕВЫЙ
B0006,513,discharge,1.2792078171714618,0.6284990867482796,ОРАНЖЕВЫЙ
B0006,517,discharge,1.274036760902923,0.6259584486293798,ОРАНЖЕВЫЙ
B0006,521,discharge,1.2741273923001468,0.6260029775555019,ОРАНЖЕВЫЙ
B0006,525,discharge,1.2637639426440779,0.6209112179860495,ОРАНЖЕВЫЙ
B0006,529,discharge,1.2581373688955233,0.618146775481072,ОРАНЖЕВЫЙ
B0006,533,discharge,1.253259864055301,0.6157503647520722,ОРАНЖЕВЫЙ
B0006,537,discharge,1.2532313315493426,0.6157363461901961,ОРАНЖЕВЫЙ
B0006,541,discharge,1.2480874960313577,0.613209082142838,ОРАНЖЕВЫЙ
B0006,545,discharge,1.2534354284944844,0.6158366228941904,ОРАНЖЕВЫЙ
B0006,548,discharge,1.2898048773266901,0.6337056235911395,ОРАНЖЕВЫЙ
B0006,552,discharge,1.2635402021758835,0.620801290046241,ОРАНЖЕВЫЙ
B0006,556,discharge,1.2479761706842853,0.6131543858862738,ОРАНЖЕВЫЙ
B0006,560,discharge,1.2321202877943334,0.6053640895934027,ОРАНЖЕВЫЙ
B0006,564,discharge,1.2271137666213534,0.6029042906907026,ОРАНЖЕВЫЙ
B0006,568,discharge,1.2217397581377356,0.6002639382954212,ОРАНЖЕВЫЙ
B0006,572,discharge,1.211102678915174,0.5950377393250057,КРАСНЫЙ
B0006,576,discharge,1.2056159765131735,0.5923420182680926,КРАСНЫЙ
B0006,580,discharge,1.2008936262717274,0.5900218379391315,КРАСНЫЙ
B0006,584,discharge,1.1905903985558335,0.5849596665522201,КРАСНЫЙ
B0006,588,discharge,1.185179251041941,0.5823010670462684,КРАСНЫЙ
B0006,592,discharge,1.1796706818144624,0.5795946024028492,КРАСНЫЙ
B0006,596,discharge,1.1745952836753915,0.5771009629390571,КРАСНЫЙ
B0006,600,discharge,1.15381833159625,0.5668928519254556,КРАСНЫЙ
B0006,604,discharge,1.1644009557372264,0.5720922960804411,КРАСНЫЙ
B0006,608,discharge,1.1587974947916069,0.5693392093343496,КРАСНЫЙ
B0006,612,discharge,1.1749748834769171,0.5772874675283711,КРАСНЫЙ
B0006,614,discharge,1.1856752327929356,0.582544752296905,КРАСНЫЙ
B0007,2,discharge,1.89105229539079,1.0,ЗЕЛЕНЫЙ
B0007,4,discharge,1.880637027686859,0.9944923428456648,ЗЕЛЕНЫЙ
B0007,6,discharge,1.8806626717011388,0.9945059035569906,ЗЕЛЕНЫЙ
B0007,8,discharge,1.8807709009833444,0.9945631358622364,ЗЕЛЕНЫЙ
B0007,10,discharge,1.8794508728285058,0.9938650969142624,ЗЕЛЕНЫЙ
B0007,12,discharge,1.8807003517117404,0.9945258289766596,ЗЕЛЕНЫЙ
B0007,14,discharge,1.8799352523566075,0.9941212397661985,ЗЕЛЕНЫЙ
B0007,16,discharge,1.8815088124038797,0.9949533479268811,ЗЕЛЕНЫЙ
B0007,18,discharge,1.8696907870385844,0.9887039039563995,ЗЕЛЕНЫЙ
B0007,20,discharge,1.870052380139199,0.9888951165957833,ЗЕЛЕНЫЙ
B0007,22,discharge,1.8700442394188577,0.9888908117331621,ЗЕЛЕНЫЙ
B0007,25,discharge,1.8596518987766364,0.9833952785490447,ЗЕЛЕНЫЙ
B0007,27,discharge,1.8590746560862206,0.9830900290898824,ЗЕЛЕНЫЙ
B0007,29,discharge,1.8590084577709232,0.9830550230165661,ЗЕЛЕНЫЙ
B0007,31,discharge,1.8593622586957048,0.9832421151057928,ЗЕЛЕНЫЙ
B0007,33,discharge,1.8587355450601035,0.9829107051087616,ЗЕЛЕНЫЙ
B0007,35,discharge,1.847817291322145,0.977137065868551,ЗЕЛЕНЫЙ
B0007,37,discharge,1.8485252916137047,0.9775114607455649,ЗЕЛЕНЫЙ
B0007,39,discharge,1.848378951850034,0.9774340753850292,ЗЕЛЕНЫЙ
B0007,42,discharge,1.8807805437609766,0.9945682350219243,ЗЕЛЕНЫЙ
B0007,46,discharge,1.8814721597443598,0.9949339657767368,ЗЕЛЕНЫЙ
B0007,50,discharge,1.8810954313244785,0.994734749488113,ЗЕЛЕНЫЙ
B0007,54,discharge,1.8710089649779995,0.9894009644991608,ЗЕЛЕНЫЙ
B0007,58,discharge,1.8701995151941375,0.9889729225111973,ЗЕЛЕНЫЙ
B0007,62,discharge,1.8706715362800985,0.9892225301434724,ЗЕЛЕНЫЙ
B0007,66,discharge,1.8596124644020169,0.9833744254109715,ЗЕЛЕНЫЙ
B0007,70,discharge,1.860033909718346,0.9835972882674648,ЗЕЛЕНЫЙ
B0007,74,discharge,1.8591653109160768,0.9831379679174215,ЗЕЛЕНЫЙ
B0007,78,discharge,1.8481398178778288,0.9773076198804469,ЗЕЛЕНЫЙ
B0007,82,discharge,1.849201702126164,0.9778691507545129,ЗЕЛЕНЫЙ
B0007,86,discharge,1.8834677437950846,0.9959892428071969,ЗЕЛЕНЫЙ
B0007,90,discharge,1.8628211117905844,0.9850711777410832,ЗЕЛЕНЫЙ
B0007,94,discharge,1.852085039652352,0.9793938772431541,ЗЕЛЕНЫЙ
B0007,98,discharge,1.8469504648208708,0.9766786827220949,ЗЕЛЕНЫЙ
B0007,102,discharge,1.836828431169018,0.9713260895248977,ЗЕЛЕНЫЙ
B0007,106,discharge,1.8371619619672275,0.9715024626474299,ЗЕЛЕНЫЙ
B0007,110,discharge,1.8316722583718854,0.9685994738677316,ЗЕЛЕНЫЙ
B0007,114,discharge,1.8211470951317783,0.9630337032828774,ЗЕЛЕНЫЙ
B0007,118,discharge,1.816506091511515,0.960579512231908,ЗЕЛЕНЫЙ
B0007,122,discharge,1.8113815601504555,0.9578696287593303,ЗЕЛЕНЫЙ
B0007,126,discharge,1.8116056333939583,0.9579881200586186,ЗЕЛЕНЫЙ
B0007,130,discharge,1.8060548955557403,0.9550528559986308,ЗЕЛЕНЫЙ
B0007,134,discharge,1.8132041826994056,0.9588334426916011,ЗЕЛЕНЫЙ
B0007,136,discharge,1.8062641938283535,0.955163534203101,ЗЕЛЕНЫЙ
B0007,140,discharge,1.7958310249900458,0.9496464108196084,ЗЕЛЕНЫЙ
B0007,144,discharge,1.7858852600390451,0.9443870295876657,ЗЕЛЕНЫЙ
B0007,148,discharge,1.7803268604502753,0.9414477139472057,ЗЕЛЕНЫЙ
B0007,150,discharge,1.8150756899575577,0.959823107156573,ЗЕЛЕНЫЙ
B0007,154,discharge,1.8157025154845838,0.9601545763224729,ЗЕЛЕНЫЙ
B0007,158,discharge,1.8002432178056673,0.9519796053200333,ЗЕЛЕНЫЙ
B0007,162,discharge,1.7904476205609308,0.9467996336880419,ЗЕЛЕНЫЙ
B0007,166,discharge,1.780343032300132,0.9414562657201504,ЗЕЛЕНЫЙ
B0007,170,discharge,1.775328769596812,0.9388046929870528,ЗЕЛЕНЫЙ
B0007,174,discharge,1.7702629734732853,0.9361258690667021,ЗЕЛЕНЫЙ
B0007,178,discharge,1.760081061854204,0.9307416120348377,ЗЕЛЕНЫЙ
B0007,182,discharge,1.749647593537689,0.9252243302854406,ЗЕЛЕНЫЙ
B0007,186,discharge,1.749650075059311,0.9252256425292258,ЗЕЛЕНЫЙ
B0007,190,discharge,1.745028739214683,0.9227818519180979,ЗЕЛЕНЫЙ
B0007,194,discharge,1.7396457455286727,0.9199352919899929,ЗЕЛЕНЫЙ
B0007,198,discharge,1.7285642277717963,0.9140753177397375,ЗЕЛЕНЫЙ
B0007,202,discharge,1.723900324588418,0.9116090172599749,ЗЕЛЕНЫЙ
B0007,206,discharge,1.7139788776485192,0.9063624955407813,ЗЕЛЕНЫЙ
B0007,210,discharge,1.7139701997004613,0.9063579065888634,ЗЕЛЕНЫЙ
B0007,214,discharge,1.7036521173638766,0.9009016416501656,ЗЕЛЕНЫЙ
B0007,216,discharge,1.7040137474382486,0.9010928738414982,ЗЕЛЕНЫЙ
B0007,220,discharge,1.6935716157343033,0.8955710108399318,ЗЕЛЕНЫЙ
B0007,224,discharge,1.6876577363877656,0.8924437153331117,ЗЕЛЕНЫЙ
B0007,228,discharge,1.6830744356583152,0.8900200379231206,ЗЕЛЕНЫЙ
B0007,232,discharge,1.6779270142025482,0.8872980500287017,ЗЕЛЕНЫЙ
B0007,236,discharge,1.6732060275966172,0.884801563486559,ЗЕЛЕНЫЙ
B0007,240,discharge,1.6674367208253988,0.8817507188402843,ЗЕЛЕНЫЙ
B0007,244,discharge,1.6622662630667526,0.8790165492082501,ЗЕЛЕНЫЙ
B0007,248,discharge,1.6574243065763063,0.87645609305257,ЗЕЛЕНЫЙ
B0007,252,discharge,1.652538684928734,0.8738725464951953,ЗЕЛЕНЫЙ
B0007,256,discharge,1.6472174627573322,0.8710586517211737,ЗЕЛЕНЫЙ
B0007,260,discharge,1.6364136810898071,0.8653455460107404,ЗЕЛЕНЫЙ
B0007,264,discharge,1.6362554312048496,0.8652618625053486,ЗЕЛЕНЫЙ
B0007,266,discharge,1.641119179218384,0.8678338421514901,ЗЕЛЕНЫЙ
B0007,270,discharge,1.6315700789656966,0.8627842196339309,ЗЕЛЕНЫЙ
B0007,274,discharge,1.621213282987236,0.8573074826850354,ЗЕЛЕНЫЙ
B0007,278,discharge,1.6164273214762122,0.8547766370163623,ЗЕЛЕНЫЙ
B0007,282,discharge,1.615823510161921,0.8544573379066747,ЗЕЛЕНЫЙ
B0007,286,discharge,1.61672418029789,0.8549336177737964,ЗЕЛЕНЫЙ
B0007,290,discharge,1.6108655863730026,0.851835557535501,ЗЕЛЕНЫЙ
B0007,294,discharge,1.6006603374309376,0.8464389595847521,ЖЕЛТЫЙ
B0007,298,discharge,1.5959174487005663,0.8439308910654777,ЖЕЛТЫЙ
B0007,302,discharge,1.5962179519462243,0.8440897990165642,ЖЕЛТЫЙ
B0007,306,discharge,1.5958065114633972,0.8438722267771133,ЖЕЛТЫЙ
B0007,310,discharge,1.5906507821480704,0.8411458456358337,ЖЕЛТЫЙ
B0007,313,discharge,1.6888211161855506,0.893058917673428,ЗЕЛЕНЫЙ
B0007,316,discharge,1.6259938279733204,0.8598354640622486,ЗЕЛЕНЫЙ
B0007,320,discharge,1.6157433862812898,0.8544149679093845,ЗЕЛЕНЫЙ
B0007,324,discharge,1.6056626764846538,0.8490842270191371,ЖЕЛТЫЙ
B0007,328,discharge,1.5949746921524348,0.8434323556466374,ЖЕЛТЫЙ
B0007,332,discharge,1.5904102438871945,0.8410186475348281,ЖЕЛТЫЙ
B0007,336,discharge,1.5853517062988178,0.8383436619721834,ЖЕЛТЫЙ
B0007,340,discharge,1.5799737147242376,0.8354997471911441,ЖЕЛТЫЙ
B0007,344,discharge,1.5752185465278068,0.8329851852152426,ЖЕЛТЫЙ
B0007,348,discharge,1.569798484648868,0.8301190234003898,ЖЕЛТЫЙ
B0007,352,discharge,1.5702565375950357,0.830361244595057,ЖЕЛТЫЙ
B0007,356,discharge,1.565249873909438,0.8277136902689282,ЖЕЛТЫЙ
B0007,360,discharge,1.559633933561147,0.8247439467235069,ЖЕЛТЫЙ
B0007,364,discharge,1.5649820533392105,0.8275720651161599,ЖЕЛТЫЙ
B0007,367,discharge,1.57497949984227,0.8328587758683834,ЖЕЛТЫЙ
B0007,371,discharge,1.5652811168780458,0.8277302117414882,ЖЕЛТЫЙ
B0007,375,discharge,1.559755497470126,0.8248082304608076,ЖЕЛТЫЙ
B0007,379,discharge,1.549897685670499,0.8195953593923267,ЖЕЛТЫЙ
B0007,383,discharge,1.5438771531345021,0.8164116650277282,ЖЕЛТЫЙ
B0007,387,discharge,1.5450187488690073,0.8170153478223752,ЖЕЛТЫЙ
B0007,391,discharge,1.5445940154102908,0.816790746176111,ЖЕЛТЫЙ
B0007,395,discharge,1.5343086721758876,0.8113517938745419,ЖЕЛТЫЙ
B0007,399,discharge,1.5287603942958483,0.8084178306554588,ЖЕЛТЫЙ
B0007,403,discharge,1.5289260249179843,0.8085054171397351,ЖЕЛТЫЙ
B0007,407,discharge,1.529091650133123,0.8085930007647584,ЖЕЛТЫЙ
B0007,411,discharge,1.5239059324661248,0.8058507616000151,ЖЕЛТЫЙ
B0007,415,discharge,1.5186675419100615,0.8030806686899293,ЖЕЛТЫЙ
B0007,419,discharge,1.5136482266426952,0.8004264241301146,ЖЕЛТЫЙ
B0007,423,discharge,1.5136050185229033,0.8004035754125528,ЖЕЛТЫЙ
B0007,427,discharge,1.5139470614867965,0.8005844498202711,ЖЕЛТЫЙ
B0007,431,discharge,1.5339599193158786,0.8111673712327889,ЖЕЛТЫЙ
B0007,433,discharge,1.5391372798653098,0.8139051911027366,ЖЕЛТЫЙ
B0007,437,discharge,1.5236247972838737,0.8057020955991137,ЖЕЛТЫЙ
B0007,441,discharge,1.5135813035589147,0.8003910347947992,ЖЕЛТЫЙ
B0007,445,discharge,1.5077850749847914,0.797325953734772,ЖЕЛТЫЙ
B0007,449,discharge,1.5031960676037333,0.7948992586125676,ЖЕЛТЫЙ
B0007,453,discharge,1.4978220596995881,0.7920574504207775,ЖЕЛТЫЙ
B0007,457,discharge,1.492848534633516,0.7894274199989884,ЖЕЛТЫЙ
B0007,461,discharge,1.492414389867026,0.7891978415957107,ЖЕЛТЫЙ
B0007,465,discharge,1.487482776538081,0.7865899743564149,ЖЕЛТЫЙ
B0007,469,discharge,1.482535148640411,0.783973638515397,ЖЕЛТЫЙ
B0007,473,discharge,1.4827874322228984,0.7841070476141841,ЖЕЛТЫЙ
B0007,477,discharge,1.476971179775059,0.7810313778074761,ЖЕЛТЫЙ
B0007,481,discharge,1.4819015554137276,0.7836385905485969,ЖЕЛТЫЙ
B0007,483,discharge,1.4981366198874824,0.792223791768746,ЖЕЛТЫЙ
B0007,485,discharge,1.4820775214392872,0.7837316424573085,ЖЕЛТЫЙ
B0007,489,discharge,1.4771155312812152,0.7811077117652985,ЖЕЛТЫЙ
B0007,493,discharge,1.4720772783056488,0.7784434528297595,ЖЕЛТЫЙ
B0007,497,discharge,1.472248013656454,0.778533738725724,ЖЕЛТЫЙ
B0007,501,discharge,1.4670106672274665,0.7757641979564112,ЖЕЛТЫЙ
B0007,505,discharge,1.4617672495335379,0.7729914466651281,ЖЕЛТЫЙ
B0007,509,discharge,1.4566952670489708,0.7703093513592872,ЖЕЛТЫЙ
B0007,513,discharge,1.451354972758956,0.7674853711324945,ЖЕЛТЫЙ
B0007,517,discharge,1.451615926257375,0.7676233649357621,ЖЕЛТЫЙ
B0007,521,discharge,1.4468161332173683,0.7650852050701119,ЖЕЛТЫЙ
B0007,525,discharge,1.4467570607768785,0.7650539672029023,ЖЕЛТЫЙ
B0007,529,discharge,1.4413797481446793,0.7622104114507394,ЖЕЛТЫЙ
B0007,533,discharge,1.4362456252208178,0.7594954559011889,ЖЕЛТЫЙ
B0007,537,discharge,1.4368154153924828,0.759796764422933,ЖЕЛТЫЙ
B0007,541,discharge,1.4362945145860047,0.7595213088960034,ЖЕЛТЫЙ
B0007,545,discharge,1.4418575315878015,0.7624630662526647,ЖЕЛТЫЙ
B0007,548,discharge,1.4672063484781797,0.7758676753965592,ЖЕЛТЫЙ
B0007,552,discharge,1.4518640367848885,0.7677545672975996,ЖЕЛТЫЙ
B0007,556,discharge,1.4471379752748499,0.7652553971151791,ЖЕЛТЫЙ
B0007,560,discharge,1.441790586562399,0.7624276653144856,ЖЕЛТЫЙ
B0007,564,discharge,1.431630947911111,0.7570551863639823,ЖЕЛТЫЙ
B0007,568,discharge,1.4318084249673686,0.7571490373149529,ЖЕЛТЫЙ
B0007,572,discharge,1.4262562585106868,0.7542130177927987,ЖЕЛТЫЙ
B0007,576,discharge,1.4260877528924913,0.7541239109930523,ЖЕЛТЫЙ
B0007,580,discharge,1.4212633510031694,0.7515727378176299,ЖЕЛТЫЙ
B0007,584,discharge,1.4163272748795108,0.7489625106252409,ЖЕЛТЫЙ
B0007,588,discharge,1.4165781829175994,0.7490951923277513,ЖЕЛТЫЙ
B0007,592,discharge,1.4108401729425177,0.7460608976183626,ЖЕЛТЫЙ
B0007,596,discharge,1.4109949628347804,0.7461427514584917,ЖЕЛТЫЙ
B0007,600,discharge,1.4061714290398801,0.7435920373366998,ЖЕЛТЫЙ
B0007,604,discharge,1.4063358479692922,0.7436789830704655,ЖЕЛТЫЙ
B0007,608,discharge,1.4004552399066514,0.7405692816217144,ЖЕЛТЫЙ
B0007,612,discharge,1.4217865046055154,0.7518493846367692,ЖЕЛТЫЙ
B0007,614,discharge,1.4324552720625434,0.7574910940083355,ЖЕЛТЫЙ
B0018,3,discharge,1.8550045207910817,1.0,ЗЕЛЕНЫЙ
B0018,7,discharge,1.8431955317089987,0.993633983664338,ЗЕЛЕНЫЙ
B0018,11,discharge,1.8396018424355423,0.9916966895859797,ЗЕЛЕНЫЙ
B0018,15,discharge,1.8306736044962053,0.9868836350412233,ЗЕЛЕНЫЙ
B0018,18,discharge,1.8327002069419656,0.9879761404357094,ЗЕЛЕНЫЙ
B0018,20,discharge,1.8285288846046388,0.9857274546289774,ЗЕЛЕНЫЙ
B0018,22,discharge,1.8212011895697924,0.9817772243450524,ЗЕЛЕНЫЙ
B0018,24,discharge,1.8151700106433282,0.9785259228744274,ЗЕЛЕНЫЙ
B0018,27,discharge,1.8042980520967649,0.9726650430627023,ЗЕЛЕНЫЙ
B0018,30,discharge,1.8231002302844226,0.9828009634752517,ЗЕЛЕНЫЙ
B0018,32,discharge,1.8121253520255494,0.9768846014740459,ЗЕЛЕНЫЙ
B0018,34,discharge,1.8046916382117766,0.9728772183488541,ЗЕЛЕНЫЙ
B0018,36,discharge,1.790844349786295,0.9654123910288773,ЗЕЛЕНЫЙ
B0018,39,discharge,1.783470722841926,0.9614373996680884,ЗЕЛЕНЫЙ
B0018,42,discharge,1.7809386125310702,0.9600723839592448,ЗЕЛЕНЫЙ
B0018,44,discharge,1.771209039672698,0.9548273439880091,ЗЕЛЕНЫЙ
B0018,46,discharge,1.7686303996707076,0.9534372449488483,ЗЕЛЕНЫЙ
B0018,48,discharge,1.7536304801917124,0.9453510546938519,ЗЕЛЕНЫЙ
B0018,51,discharge,1.7462197416415093,0.9413560571253055,ЗЕЛЕНЫЙ
B0018,54,discharge,1.7376647337053737,0.9367442042482638,ЗЕЛЕНЫЙ
B0018,56,discharge,1.7315166735475835,0.933429894181155,ЗЕЛЕНЫЙ
B0018,58,discharge,1.7085949894470602,0.9210732212762566,ЗЕЛЕНЫЙ
B0018,60,discharge,1.711469957068211,0.9226230652733616,ЗЕЛЕНЫЙ
B0018,63,discharge,1.7075021373272627,0.9204840841029782,ЗЕЛЕНЫЙ
B0018,66,discharge,1.7492382064360228,0.9429832579006578,ЗЕЛЕНЫЙ
B0018,68,discharge,1.7327697147429955,0.934105386440806,ЗЕЛЕНЫЙ
B0018,70,discharge,1.7222313328292376,0.9284243318688938,ЗЕЛЕНЫЙ
B0018,72,discharge,1.711846298984729,0.9228259445182906,ЗЕЛЕНЫЙ
B0018,75,discharge,1.699267835126687,0.916045117993578,ЗЕЛЕНЫЙ
B0018,78,discharge,1.6940366439243106,0.9132250757005568,ЗЕЛЕНЫЙ
B0018,80,discharge,1.6819027078768087,0.9066838862255429,ЗЕЛЕНЫЙ
B0018,82,discharge,1.6769770618433686,0.9040285579078848,ЗЕЛЕНЫЙ
B0018,84,discharge,1.6655229306478936,0.8978538391580942,ЗЕЛЕНЫЙ
B0018,87,discharge,1.6571924575832084,0.8933630290434469,ЗЕЛЕНЫЙ
B0018,90,discharge,1.6482241555294048,0.8885283766459535,ЗЕЛЕНЫЙ
B0018,92,discharge,1.6387701497987262,0.8834318900203323,ЗЕЛЕНЫЙ
B0018,94,discharge,1.6276486907262062,0.8774365089051547,ЗЕЛЕНЫЙ
B0018,96,discharge,1.62215370227252,0.8744742581978935,ЗЕЛЕНЫЙ
B0018,99,discharge,1.6140066510467586,0.8700823275398015,ЗЕЛЕНЫЙ
B0018,102,discharge,1.6760516154424623,0.903529666185232,ЗЕЛЕНЫЙ
B0018,104,discharge,1.649300642552199,0.8891086916860135,ЗЕЛЕНЫЙ
B0018,106,discharge,1.63238299185809,0.8799886865838726,ЗЕЛЕНЫЙ
B0018,108,discharge,1.6164159719025777,0.8713811496336645,ЗЕЛЕНЫЙ
B0018,111,discharge,1.6109028378249377,0.8684091169427205,ЗЕЛЕНЫЙ
B0018,114,discharge,1.5954638693695657,0.8600862431802415,ЗЕЛЕНЫЙ
B0018,117,discharge,1.726707440085764,0.930837321813855,ЗЕЛЕНЫЙ
B0018,119,discharge,1.7165673917429753,0.9253710017973062,ЗЕЛЕНЫЙ
B0018,121,discharge,1.6958235570934848,0.914188368861919,ЗЕЛЕНЫЙ
B0018,123,discharge,1.6777783190792557,0.9044605014567585,ЗЕЛЕНЫЙ
B0018,125,discharge,1.6606586897774192,0.895231613273491,ЗЕЛЕНЫЙ
B0018,128,discharge,1.6664109274827466,0.8983325424846361,ЗЕЛЕНЫЙ
B0018,130,discharge,1.6468336174407805,0.8877787622525443,ЗЕЛЕНЫЙ
B0018,132,discharge,1.6257639928779952,0.8764205017595725,ЗЕЛЕНЫЙ
B0018,134,discharge,1.6121577411874595,0.8690856130635961,ЗЕЛЕНЫЙ
B0018,136,discharge,1.6057366823755344,0.8656241342693628,ЗЕЛЕНЫЙ
B0018,141,discharge,1.673645314879889,0.9022324722778301,ЗЕЛЕНЫЙ
B0018,143,discharge,1.6404348572349936,0.8843293042409497,ЗЕЛЕНЫЙ
B0018,145,discharge,1.6132653317422077,0.8696826954654632,ЗЕЛЕНЫЙ
B0018,147,discharge,1.5920964324686278,0.8582709177386076,ЗЕЛЕНЫЙ
B0018,150,discharge,1.5866011820698824,0.855308525821416,ЗЕЛЕНЫЙ
B0018,153,discharge,1.5800766490336253,0.851791265910117,ЗЕЛЕНЫЙ
B0018,155,discharge,1.5641732953289167,0.8432180503052695,ЖЕЛТЫЙ
B0018,157,discharge,1.555618272193922,0.8386061892347928,ЖЕЛТЫЙ
B0018,159,discharge,1.5402045278637397,0.8302969133503282,ЖЕЛТЫЙ
B0018,162,discharge,1.5321613015959863,0.8259609528835993,ЖЕЛТЫЙ
B0018,165,discharge,1.5316232403693415,0.8256708936300426,ЖЕЛТЫЙ
B0018,167,discharge,1.5222595950771978,0.8206231187124103,ЖЕЛТЫЙ
B0018,169,discharge,1.5065267126851283,0.8121418011653458,ЖЕЛТЫЙ
B0018,171,discharge,1.5014219556532926,0.8093899172887186,ЖЕЛТЫЙ
B0018,174,discharge,1.4963534117486457,0.8066575552659644,ЖЕЛТЫЙ
B0018,177,discharge,1.5334262000312422,0.826642837170715,ЖЕЛТЫЙ
B0018,179,discharge,1.523845267514426,0.8214779265683784,ЖЕЛТЫЙ
B0018,181,discharge,1.5011920994261239,0.8092660058779416,ЖЕЛТЫЙ
B0018,183,discharge,1.492417671450291,0.8045358675534857,ЖЕЛТЫЙ
B0018,185,discharge,1.483323851940123,0.799633550923934,ЖЕЛТЫЙ
B0018,188,discharge,1.4807376792294196,0.7982393911352555,ЖЕЛТЫЙ
B0018,190,discharge,1.4735077809902477,0.7943418813674149,ЖЕЛТЫЙ
B0018,192,discharge,1.46801928526661,0.7913831307756389,ЖЕЛТЫЙ
B0018,194,discharge,1.4580923557119019,0.7860316993136419,ЖЕЛТЫЙ
B0018,197,discharge,1.4478660988891399,0.7805189058362433,ЖЕЛТЫЙ
B0018,200,discharge,1.4527808777541982,0.7831683758563823,ЖЕЛТЫЙ
B0018,202,discharge,1.4425356364492432,0.7776453481817188,ЖЕЛТЫЙ
B0018,204,discharge,1.4392712877203313,0.7758855957432074,ЖЕЛТЫЙ
B0018,206,discharge,1.4286475681888218,0.7701585371768062,ЖЕЛТЫЙ
B0018,209,discharge,1.4249026750004896,0.7681397317526905,ЖЕЛТЫЙ
B0018,212,discharge,1.4698115324524124,0.7923492994106556,ЖЕЛТЫЙ
B0018,214,discharge,1.4525819651050202,0.7830611455790711,ЖЕЛТЫЙ
B0018,216,discharge,1.442834198908794,0.7778062979024363,ЖЕЛТЫЙ
B0018,218,discharge,1.428376058807949,0.7700121712904541,ЖЕЛТЫЙ
B0018,220,discharge,1.4154547844370715,0.7630465417051595,ЖЕЛТЫЙ
B0018,223,discharge,1.454576670077708,0.7841364556121901,ЖЕЛТЫЙ
B0018,225,discharge,1.4283179548274056,0.7699808484662279,ЖЕЛТЫЙ
B0018,227,discharge,1.4197026883204058,0.7653365112635747,ЖЕЛТЫЙ
B0018,229,discharge,1.4155606630306516,0.7631036189749955,ЖЕЛТЫЙ
B0018,232,discharge,1.405680035419228,0.7577771480684934,ЖЕЛТЫЙ
B0018,235,discharge,1.4084461071166137,0.759268288206635,ЖЕЛТЫЙ
B0018,237,discharge,1.3968547782872414,0.7530196086484692,ЖЕЛТЫЙ
B0018,239,discharge,1.3935670371440676,0.751247245774781,ЖЕЛТЫЙ
B0018,241,discharge,1.3893644292809475,0.7489816944965945,ЖЕЛТЫЙ
B0018,244,discharge,1.3785651415666713,0.7431599902402238,ЖЕЛТЫЙ
B0018,247,discharge,1.384901110085747,0.7465755983684312,ЖЕЛТЫЙ
B0018,249,discharge,1.3703251814242443,0.7387179740348331,ЖЕЛТЫЙ
B0018,251,discharge,1.3733464385229082,0.7403466800917733,ЖЕЛТЫЙ
B0018,253,discharge,1.3679487285504814,0.7374368704864981,ЖЕЛТЫЙ
B0018,256,discharge,1.3567141087089647,0.7313804864100185,ЖЕЛТЫЙ
B0018,259,discharge,1.4604310209194575,0.7872924322020762,ЖЕЛТЫЙ
B0018,261,discharge,1.4500998937104097,0.7817231049614924,ЖЕЛТЫЙ
B0018,263,discharge,1.4381406901824496,0.7752761106852413,ЖЕЛТЫЙ
B0018,265,discharge,1.4283681980964316,0.7700079337204485,ЖЕЛТЫЙ
B0018,267,discharge,1.4147874517552432,0.7626867945054364,ЖЕЛТЫЙ
B0018,270,discharge,1.413889163393182,0.7622025431993112,ЖЕЛТЫЙ
B0018,272,discharge,1.3989331662177225,0.7541400306782735,ЖЕЛТЫЙ
B0018,274,discharge,1.3953322584033976,0.7521988452127043,ЖЕЛТЫЙ
B0018,276,discharge,1.390046129540245,0.7493491870022229,ЖЕЛТЫЙ
B0018,279,discharge,1.3860271454209647,0.747182624023947,ЖЕЛТЫЙ
B0018,282,discharge,1.388215260193751,0.7483621978461461,ЖЕЛТЫЙ
B0018,284,discharge,1.3761826562394497,0.7418756347033405,ЖЕЛТЫЙ
B0018,286,discharge,1.3647168898640165,0.7356946436346268,ЖЕЛТЫЙ
B0018,288,discharge,1.3589854739373584,0.7326049390746541,ЖЕЛТЫЙ
B0018,291,discharge,1.3462308764008801,0.7257291620112974,ЖЕЛТЫЙ
B0018,294,discharge,1.4268427818454643,0.7691856089045949,ЖЕЛТЫЙ
B0018,296,discharge,1.4064481483279663,0.7581912240991063,ЖЕЛТЫЙ
B0018,298,discharge,1.3934907492075153,0.7512061203027418,ЖЕЛТЫЙ
B0018,300,discharge,1.3882493512249316,0.7483805757157408,ЖЕЛТЫЙ
B0018,302,discharge,1.3701878338420928,0.7386439323920165,ЖЕЛТЫЙ
B0018,305,discharge,1.3796951665608619,0.743769166650052,ЖЕЛТЫЙ
B0018,307,discharge,1.3686586323935683,0.7378195670433692,ЖЕЛТЫЙ
B0018,309,discharge,1.3627371779096438,0.7346274160714679,ЖЕЛТЫЙ
B0018,311,discharge,1.3634051133928073,0.7349874882306875,ЖЕЛТЫЙ
B0018,314,discharge,1.3518646035305233,0.7287662042753458,ЖЕЛТЫЙ
B0018,317,discharge,1.3547969729652622,0.7303469925709389,ЖЕЛТЫЙ
B0018,319,discharge,1.341051440640485,0.7229370201580871,ЖЕЛТЫЙ
B0025,4,discharge,1.847011162956716,0.9989331452015167,ЗЕЛЕНЫЙ
B0025,6,discharge,1.8485654344528386,0.9997737537182694,ЗЕЛЕНЫЙ
B0025,8,discharge,1.847111177186175,0.9989872366606275,ЗЕЛЕНЫЙ
B0025,10,discharge,1.8489837601535537,1.0,ЗЕЛЕНЫЙ
B0025,12,discharge,1.8370120718560439,0.9935252604400833,ЗЕЛЕНЫЙ
B0025,16,discharge,1.817549211247137,0.9829990129800782,ЗЕЛЕНЫЙ
B0025,20,discharge,1.839863822522073,0.9950675945197467,ЗЕЛЕНЫЙ
B0025,23,discharge,1.8430595619731431,0.9967959706796351,ЗЕЛЕНЫЙ
B0025,25,discharge,1.8401871729536057,0.9952424746017144,ЗЕЛЕНЫЙ
B0025,27,discharge,1.8281265632888257,0.9887196430200145,ЗЕЛЕНЫЙ
B0025,31,discharge,1.8253563336445804,0.9872213985767992,ЗЕЛЕНЫЙ
B0025,35,discharge,1.8214180552626154,0.9850914294192346,ЗЕЛЕНЫЙ
B0025,37,discharge,1.830315627968932,0.9899035715797356,ЗЕЛЕНЫЙ
B0025,39,discharge,1.8175491643824844,0.9829989876339105,ЗЕЛЕНЫЙ
B0025,41,discharge,1.810901200296979,0.9794035184747042,ЗЕЛЕНЫЙ
B0025,43,discharge,1.8083032603084233,0.9779984547610348,ЗЕЛЕНЫЙ
B0025,47,discharge,1.7928016149381065,0.9696145815738363,ЗЕЛЕНЫЙ
B0025,51,discharge,1.812563150045885,0.9803023634428005,ЗЕЛЕНЫЙ
B0025,53,discharge,1.807772607491239,0.9777114577475293,ЗЕЛЕНЫЙ
B0025,55,discharge,1.8048055175003972,0.9761067438204608,ЗЕЛЕНЫЙ
B0025,57,discharge,1.800538555899242,0.9737990104086752,ЗЕЛЕНЫЙ
B0025,59,discharge,1.7942356098033032,0.9703901399622332,ЗЕЛЕНЫЙ
B0025,66,discharge,1.807409052434889,0.9775148334914461,ЗЕЛЕНЫЙ
B0025,68,discharge,1.7902504816962075,0.9682348327102297,ЗЕЛЕНЫЙ
B0025,70,discharge,1.7961223845359495,0.9714105787423389,ЗЕЛЕНЫЙ
B0025,72,discharge,1.7912236690350776,0.9687611690468935,ЗЕЛЕНЫЙ
B0025,74,discharge,1.7854822365303245,0.9656559862819154,ЗЕЛЕНЫЙ
B0025,78,discharge,1.7677890780323617,0.9560868603224244,ЗЕЛЕНЫЙ
B0026,4,discharge,1.8132504303869899,0.9989538915882763,ЗЕЛЕНЫЙ
B0026,6,discharge,1.8149760087078302,0.9999045452596921,ЗЕЛЕНЫЙ
B0026,8,discharge,1.8135354175561993,0.9991108963996159,ЗЕЛЕНЫЙ
B0026,10,discharge,1.815149273310334,1.0,ЗЕЛЕНЫЙ
B0026,12,discharge,1.8142913014068198,0.9995273270820589,ЗЕЛЕНЫЙ
B0026,16,discharge,1.812382153471582,0.9984755414447509,ЗЕЛЕНЫЙ
B0026,20,discharge,1.810473005536344,0.9974237558074429,ЗЕЛЕНЫЙ
B0026,23,discharge,1.8085638576011063,0.9963719701701349,ЗЕЛЕНЫЙ
B0026,25,discharge,1.804936077644182,0.9943733577087432,ЗЕЛЕНЫЙ
B0026,27,discharge,1.8049315924982108,0.9943708867571597,ЗЕЛЕНЫЙ
B0026,31,discharge,1.717679232699393,0.9463019146446383,ЗЕЛЕНЫЙ
B0026,35,discharge,1.809804813280106,0.9970556360797361,ЗЕЛЕНЫЙ
B0026,37,discharge,1.806556213274488,0.9952659210114577,ЗЕЛЕНЫЙ
B0026,39,discharge,1.7938155707698507,0.9882468605452065,ЗЕЛЕНЫЙ
B0026,41,discharge,1.799304949381792,0.9912710628478251,ЗЕЛЕНЫЙ
B0026,43,discharge,1.7842197448470132,0.982960338899889,ЗЕЛЕНЫЙ
B0026,47,discharge,1.6818819918515189,0.9265805389020307,ЗЕЛЕНЫЙ
B0026,51,discharge,1.8007519383961936,0.9920682364112767,ЗЕЛЕНЫЙ
B0026,53,discharge,1.795972684272296,0.9894352550944391,ЗЕЛЕНЫЙ
B0026,55,discharge,1.7931026940553298,0.9878541233059046,ЗЕЛЕНЫЙ
B0026,57,discharge,1.8010267542068712,0.9922196376291922,ЗЕЛЕНЫЙ
B0026,59,discharge,1.7824572301269948,0.9819893362689021,ЗЕЛЕНЫЙ
B0026,66,discharge,1.7959303030608789,0.9894119064850214,ЗЕЛЕНЫЙ
B0026,68,discharge,1.7783142127341003,0.9797068697776813,ЗЕЛЕНЫЙ
B0026,70,discharge,1.771719092984802,0.9760734938089541,ЗЕЛЕНЫЙ
B0026,72,discharge,1.7790749489536772,0.9801259737217826,ЗЕЛЕНЫЙ
B0026,74,discharge,1.7733229782464675,0.9769571044768197,ЗЕЛЕНЫЙ
B0026,78,discharge,1.768754111010884,0.9744400292683157,ЗЕЛЕНЫЙ
B0027,4,discharge,1.8233077742149364,1.0,ЗЕЛЕНЫЙ
B0027,6,discharge,1.8142384651167962,0.9950259033464357,ЗЕЛЕНЫЙ
B0027,8,discharge,1.8128596793130867,0.994269703091488,ЗЕЛЕНЫЙ
B0027,10,discharge,1.8144242446739973,0.995127794842665,ЗЕЛЕНЫЙ
B0027,12,discharge,1.812800333853042,0.994237154850931,ЗЕЛЕНЫЙ
B0027,16,discharge,1.7946038703195293,0.9842572360512387,ЗЕЛЕНЫЙ
B0027,20,discharge,1.816519171293833,0.9962767652191762,ЗЕЛЕНЫЙ
B0027,23,discharge,1.8198335565190242,0.9980945522500128,ЗЕЛЕНЫЙ
B0027,25,discharge,1.816980986440728,0.9965300494717999,ЗЕЛЕНЫЙ
B0027,27,discharge,1.8047602710768988,0.9898275522101453,ЗЕЛЕНЫЙ
B0027,31,discharge,1.8021778881408677,0.9884112345853586,ЗЕЛЕНЫЙ
B0027,35,discharge,1.810054375611175,0.9927311237350108,ЗЕЛЕНЫЙ
B0027,37,discharge,1.8191618703574552,0.9977261634507831,ЗЕЛЕНЫЙ
B0027,39,discharge,1.806344581230731,0.9906964730671929,ЗЕЛЕНЫЙ
B0027,41,discharge,1.8120006378747944,0.9937985585867364,ЗЕЛЕНЫЙ
B0027,43,discharge,1.809238569578753,0.9922836918510692,ЗЕЛЕНЫЙ
B0027,47,discharge,1.7820717716005336,0.977383959418394,ЗЕЛЕНЫЙ
B0027,51,discharge,1.8145504562341046,0.9951970160470563,ЗЕЛЕНЫЙ
B0027,53,discharge,1.809153485164282,0.9922370269842409,ЗЕЛЕНЫЙ
B0027,55,discharge,1.8065551508093707,0.9908119607438306,ЗЕЛЕНЫЙ
B0027,57,discharge,1.802401655959492,0.9885339608863095,ЗЕЛЕНЫЙ
B0027,59,discharge,1.7964331683322998,0.9852605214200834,ЗЕЛЕНЫЙ
B0027,66,discharge,1.8088036930508289,0.9920451821852443,ЗЕЛЕНЫЙ
B0027,68,discharge,1.7915527748749653,0.9825838512899207,ЗЕЛЕНЫЙ
B0027,70,discharge,1.7853375192239571,0.9791750709737811,ЗЕЛЕНЫЙ
B0027,72,discharge,1.793209210325309,0.9834923295368567,ЗЕЛЕНЫЙ
B0027,74,discharge,1.7873097711102113,0.9802567599316989,ЗЕЛЕНЫЙ
B0027,78,discharge,1.7700926253324452,0.9708139516350145,ЗЕЛЕНЫЙ
B0028,4,discharge,1.8046847720100736,0.9999453954159798,ЗЕЛЕНЫЙ
B0028,6,discharge,1.8047833214525881,1.0,ЗЕЛЕНЫЙ
B0028,8,discharge,1.797618668222458,0.9960301864800237,ЗЕЛЕНЫЙ
B0028,10,discharge,1.7929913687761174,0.9934662778981247,ЗЕЛЕНЫЙ
B0028,12,discharge,1.7919180081592216,0.9928715468829733,ЗЕЛЕНЫЙ
B0028,16,discharge,1.775026135903797,0.9835120453546519,ЗЕЛЕНЫЙ
B0028,20,discharge,1.7920487852223415,0.9929440082480387,ЗЕЛЕНЫЙ
B0028,23,discharge,1.790475801581265,0.9920724445415378,ЗЕЛЕНЫЙ
B0028,25,discharge,1.7868365091987264,0.9900559740105437,ЗЕЛЕНЫЙ
B0028,27,discharge,1.7871529619962185,0.9902313151685269,ЗЕЛЕНЫЙ
B0028,31,discharge,1.7816340617009505,0.987173385593454,ЗЕЛЕНЫЙ
B0028,35,discharge,1.7850235136604733,0.989051423759717,ЗЕЛЕНЫЙ
B0028,37,discharge,1.7803865429693038,0.9864821565041678,ЗЕЛЕНЫЙ
B0028,39,discharge,1.7789060856417256,0.9856618600674816,ЗЕЛЕНЫЙ
B0028,41,discharge,1.7738387518973049,0.9828541359023767,ЗЕЛЕНЫЙ
B0028,43,discharge,1.769682881523146,0.9805514382185273,ЗЕЛЕНЫЙ
B0028,47,discharge,1.7408787283206992,0.964591542723004,ЗЕЛЕНЫЙ
B0028,51,discharge,1.7648189744011906,0.9778564293140564,ЗЕЛЕНЫЙ
B0028,53,discharge,1.7617857390844023,0.9761757647817916,ЗЕЛЕНЫЙ
B0028,55,discharge,1.75770610357021,0.9739153075481173,ЗЕЛЕНЫЙ
B0028,57,discharge,1.7519375960601256,0.9707190748250436,ЗЕЛЕНЫЙ
B0028,59,discharge,1.7521244035832177,0.9708225817230028,ЗЕЛЕНЫЙ
B0028,66,discharge,1.7597714133989641,0.9750596608919259,ЗЕЛЕНЫЙ
B0028,68,discharge,1.7483011320324189,0.9687041714377606,ЗЕЛЕНЫЙ
B0028,70,discharge,1.7411482627836237,0.9647408872231003,ЗЕЛЕНЫЙ
B0028,72,discharge,1.7363833316311177,0.9621007192340306,ЗЕЛЕНЫЙ
B0028,74,discharge,1.736559066269527,0.9621980908333359,ЗЕЛЕНЫЙ
B0028,78,discharge,1.7172335652295245,0.9514901566396354,ЗЕЛЕНЫЙ
B0029,2,discharge,1.697507332205763,0.9202071998435523,ЗЕЛЕНЫЙ
B0029,4,discharge,1.844701206961174,1.0,ЗЕЛЕНЫЙ
B0029,6,discharge,1.8254376674722927,0.9895573660296919,ЗЕЛЕНЫЙ
B0029,8,discharge,1.815750429913437,0.9843059803189329,ЗЕЛЕНЫЙ
B0029,10,discharge,1.8132993337127028,0.982977257709827,ЗЕЛЕНЫЙ
B0029,14,discharge,1.8151647619660576,0.9839884937009542,ЗЕЛЕНЫЙ
B0029,16,discharge,1.8143317955190057,0.9835369482452953,ЗЕЛЕНЫЙ
B0029,18,discharge,1.801343601809866,0.976496136616763,ЗЕЛЕНЫЙ
B0029,20,discharge,1.7881558802945825,0.9693471623191812,ЗЕЛЕНЫЙ
B0029,22,discharge,1.7760714604539518,0.9627962803687445,ЗЕЛЕНЫЙ
B0029,26,discharge,1.7852807447597443,0.9677885708660025,ЗЕЛЕНЫЙ
B0029,28,discharge,1.7698116401111978,0.9594028742609522,ЗЕЛЕНЫЙ
B0029,30,discharge,1.7565231680521758,0.9521992837776388,ЗЕЛЕНЫЙ
B0029,32,discharge,1.7543413277348154,0.9510165229548417,ЗЕЛЕНЫЙ
B0029,34,discharge,1.7392875506998715,0.9428559726293272,ЗЕЛЕНЫЙ
B0029,38,discharge,1.7797845109331345,0.9648090998243676,ЗЕЛЕНЫЙ
B0029,40,discharge,1.7657088508465202,0.9571787800557794,ЗЕЛЕНЫЙ
B0029,42,discharge,1.7523941408724169,0.9499609661768385,ЗЕЛЕНЫЙ
B0029,44,discharge,1.7380191225603105,0.9421683663466542,ЗЕЛЕНЫЙ
B0029,46,discharge,1.7312214443143976,0.9384833911212567,ЗЕЛЕНЫЙ
B0029,50,discharge,1.7379128985265808,0.9421107830191598,ЗЕЛЕНЫЙ
B0029,52,discharge,1.7224270683625882,0.9337160196257414,ЗЕЛЕНЫЙ
B0029,54,discharge,1.7184213765608034,0.9315445612959756,ЗЕЛЕНЫЙ
B0029,56,discharge,1.7010220930648232,0.9221125278423614,ЗЕЛЕНЫЙ
B0029,58,discharge,1.693698739563104,0.9181425876297765,ЗЕЛЕНЫЙ
B0029,62,discharge,1.713072721286705,0.9286450915856969,ЗЕЛЕНЫЙ
B0029,64,discharge,1.6976972688567131,0.9203101632124888,ЗЕЛЕНЫЙ
B0029,66,discharge,1.6899314034061208,0.9161003402767814,ЗЕЛЕНЫЙ
B0029,68,discharge,1.685023551367069,0.913439827007461,ЗЕЛЕНЫЙ
B0029,70,discharge,1.678389965463405,0.9098438051267186,ЗЕЛЕНЫЙ
B0029,74,discharge,1.6737947494868326,0.9073527697442774,ЗЕЛЕНЫЙ
B0029,76,discharge,1.6687898927884715,0.9046396709077423,ЗЕЛЕНЫЙ
B0029,78,discharge,1.6492566306631427,0.8940508221274531,ЗЕЛЕНЫЙ
B0029,80,discharge,1.6409676757039668,0.8895574359205723,ЗЕЛЕНЫЙ
B0029,82,discharge,1.6456360229757092,0.8920881152816124,ЗЕЛЕНЫЙ
B0029,86,discharge,1.654547743574037,0.8969190985133133,ЗЕЛЕНЫЙ
B0029,88,discharge,1.6461201520877546,0.8923505583863377,ЗЕЛЕНЫЙ
B0029,90,discharge,1.6275119188151763,0.8822631614667942,ЗЕЛЕНЫЙ
B0029,92,discharge,1.6200530533464497,0.8782197611369306,ЗЕЛЕНЫЙ
B0029,94,discharge,1.612079811711934,0.8738975209798645,ЗЕЛЕНЫЙ
B0030,2,discharge,1.6560706096175404,0.9295647486935653,ЗЕЛЕНЫЙ
B0030,4,discharge,1.7815548749509116,1.0,ЗЕЛЕНЫЙ
B0030,6,discharge,1.761969227822918,0.9890064306166638,ЗЕЛЕНЫЙ
B0030,8,discharge,1.751755031874225,0.9832731264718929,ЗЕЛЕНЫЙ
B0030,10,discharge,1.7381688070362076,0.9756470774351537,ЗЕЛЕНЫЙ
B0030,14,discharge,1.7506745293461339,0.982666632367623,ЗЕЛЕНЫЙ
B0030,16,discharge,1.7491047649061158,0.981785511913749,ЗЕЛЕНЫЙ
B0030,18,discharge,1.7252544028765475,0.9683981263412302,ЗЕЛЕНЫЙ
B0030,20,discharge,1.7112621367644252,0.9605441633177741,ЗЕЛЕНЫЙ
B0030,22,discharge,1.6990418392711273,0.9536848194574653,ЗЕЛЕНЫЙ
B0030,26,discharge,1.7185770039532977,0.9646500526685438,ЗЕЛЕНЫЙ
B0030,28,discharge,1.70324722921867,0.9560453361087745,ЗЕЛЕНЫЙ
B0030,30,discharge,1.689458044662304,0.9483053642727984,ЗЕЛЕНЫЙ
B0030,32,discharge,1.6756136292719177,0.9405343909589577,ЗЕЛЕНЫЙ
B0030,34,discharge,1.6718407140871654,0.9384166256081395,ЗЕЛЕНЫЙ
B0030,38,discharge,1.7233056681204446,0.9673042870306917,ЗЕЛЕНЫЙ
B0030,40,discharge,1.709207290507283,0.9593907628325947,ЗЕЛЕНЫЙ
B0030,42,discharge,1.684001734344571,0.9452426967151216,ЗЕЛЕНЫЙ
B0030,44,discharge,1.66898698813004,0.9368148080064201,ЗЕЛЕНЫЙ
B0030,46,discharge,1.6620689362837142,0.9329316540583743,ЗЕЛЕНЫЙ
B0030,50,discharge,1.6687049625248174,0.9366565049369003,ЗЕЛЕНЫЙ
B0030,52,discharge,1.652762183550463,0.9277077045387123,ЗЕЛЕНЫЙ
B0030,54,discharge,1.648481366235244,0.9253048499450042,ЗЕЛЕНЫЙ
B0030,56,discharge,1.6307406443132095,0.915346850799722,ЗЕЛЕНЫЙ
B0030,58,discharge,1.62323023017929,0.9111311994944955,ЗЕЛЕНЫЙ
B0030,62,discharge,1.6541906540394393,0.9285095156471217,ЗЕЛЕНЫЙ
B0030,64,discharge,1.638514396616985,0.9197103157780263,ЗЕЛЕНЫЙ
B0030,66,discharge,1.618847673357618,0.9086712377592204,ЗЕЛЕНЫЙ
B0030,68,discharge,1.6134212267751404,0.9056253329382269,ЗЕЛЕНЫЙ
B0030,70,discharge,1.6066443601761986,0.9018214273194742,ЗЕЛЕНЫЙ
B0030,74,discharge,1.6138387876938998,0.9058597129871551,ЗЕЛЕНЫЙ
B0030,76,discharge,1.596329501327274,0.8960316203402148,ЗЕЛЕНЫЙ
B0030,78,discharge,1.5890785867406987,0.8919616280607038,ЗЕЛЕНЫЙ
B0030,80,discharge,1.5805481432309574,0.8871734266812901,ЗЕЛЕНЫЙ
B0030,82,discharge,1.5846131054270807,0.8894551201914241,ЗЕЛЕНЫЙ
B0030,86,discharge,1.5936651221220735,0.8945360844784446,ЗЕЛЕНЫЙ
B0030,88,discharge,1.5849874126960888,0.8896652216450874,ЗЕЛЕНЫЙ
B0030,90,discharge,1.5787064969416462,0.8861396969235346,ЗЕЛЕНЫЙ
B0030,92,discharge,1.570705516096967,0.8816486868754159,ЗЕЛЕНЫЙ
B0030,94,discharge,1.562780404428482,0.877200262760103,ЗЕЛЕНЫЙ
B0031,2,discharge,1.6666751942525773,0.9093311452425186,ЗЕЛЕНЫЙ
B0031,4,discharge,1.8328583629543174,1.0,ЗЕЛЕНЫЙ
B0031,6,discharge,1.8139835002945137,0.9897019524032507,ЗЕЛЕНЫЙ
B0031,8,discharge,1.8044387333514835,0.984494366734904,ЗЕЛЕНЫЙ
B0031,10,discharge,1.802147684291295,0.9832443797711019,ЗЕЛЕНЫЙ
B0031,14,discharge,1.7715647509798835,0.9665584568817217,ЗЕЛЕНЫЙ
B0031,16,discharge,1.8139928165779542,0.9897070353292577,ЗЕЛЕНЫЙ
B0031,18,discharge,1.8013261041198854,0.9827961290016942,ЗЕЛЕНЫЙ
B0031,20,discharge,1.7883722583933568,0.9757285639413756,ЗЕЛЕНЫЙ
B0031,22,discharge,1.7765401657373159,0.969273022752165,ЗЕЛЕНЫЙ
B0031,26,discharge,1.7856209131823229,0.974227441286923,ЗЕЛЕНЫЙ
B0031,28,discharge,1.7813634036685941,0.9719045615708568,ЗЕЛЕНЫЙ
B0031,30,discharge,1.7684898383971241,0.9648807971973132,ЗЕЛЕНЫЙ
B0031,32,discharge,1.766505238291406,0.9637980075252737,ЗЕЛЕНЫЙ
B0031,34,discharge,1.751740527921767,0.9557424421482305,ЗЕЛЕНЫЙ
B0031,38,discharge,1.7352349314055016,0.9467370564349227,ЗЕЛЕНЫЙ
B0031,40,discharge,1.7782778274549178,0.9702210838531881,ЗЕЛЕНЫЙ
B0031,42,discharge,1.7649894859707393,0.9629710192804082,ЗЕЛЕНЫЙ
B0031,44,discharge,1.762591283533551,0.961662569873918,ЗЕЛЕНЫЙ
B0031,46,discharge,1.744314576121582,0.9516908733253043,ЗЕЛЕНЫЙ
B0031,50,discharge,1.7628373753518478,0.9617968365599154,ЗЕЛЕНЫЙ
B0031,52,discharge,1.747857930947971,0.9536241131751515,ЗЕЛЕНЫЙ
B0031,54,discharge,1.7441167338864993,0.9515829314138717,ЗЕЛЕНЫЙ
B0031,56,discharge,1.7268422932817387,0.9421580675215431,ЗЕЛЕНЫЙ
B0031,58,discharge,1.7203093493042265,0.9385937201013846,ЗЕЛЕНЫЙ
B0031,62,discharge,1.7394245516699778,0.9490228960552429,ЗЕЛЕНЫЙ
B0031,64,discharge,1.7367384416372014,0.9475573654462947,ЗЕЛЕНЫЙ
B0031,66,discharge,1.716963468448543,0.9367682212394375,ЗЕЛЕНЫЙ
B0031,68,discharge,1.7127773558366357,0.9344842953799619,ЗЕЛЕНЫЙ
B0031,70,discharge,1.7061083466554066,0.9308457113431247,ЗЕЛЕНЫЙ
B0031,74,discharge,1.713732696207521,0.935005525165195,ЗЕЛЕНЫЙ
B0031,76,discharge,1.7093475797926974,0.9326130236476443,ЗЕЛЕНЫЙ
B0031,78,discharge,1.6901000454115587,0.9221116478893373,ЗЕЛЕНЫЙ
B0031,80,discharge,1.6946883343387664,0.9246149994957386,ЗЕЛЕНЫЙ
B0031,82,discharge,1.687010991299212,0.9204262726444288,ЗЕЛЕНЫЙ
B0031,86,discharge,1.6957069027070075,0.9251707262168145,ЗЕЛЕНЫЙ
B0031,88,discharge,1.687696889615565,0.9208004959506135,ЗЕЛЕНЫЙ
B0031,90,discharge,1.6819617127259294,0.9176714069792261,ЗЕЛЕНЫЙ
B0031,92,discharge,1.6750033888978846,0.9138749740585562,ЗЕЛЕНЫЙ
B0031,94,discharge,1.6672987794846676,0.9096713707856889,ЗЕЛЕНЫЙ
B0032,2,discharge,1.7048641073512139,0.9001242586881956,ЗЕЛЕНЫЙ
B0032,4,discharge,1.8940319526948572,1.0,ЗЕЛЕНЫЙ
B0032,6,discharge,1.8747686491853095,0.9898294727910267,ЗЕЛЕНЫЙ
B0032,8,discharge,1.8654947184112376,0.9849330766342055,ЗЕЛЕНЫЙ
B0032,10,discharge,1.8527398169018068,0.9781988177473462,ЗЕЛЕНЫЙ
B0032,14,discharge,1.844174397003866,0.9736764970516716,ЗЕЛЕНЫЙ
B0032,16,discharge,1.8430238477512753,0.9730690367335109,ЗЕЛЕНЫЙ
B0032,18,discharge,1.8302818174911863,0.9663415735341918,ЗЕЛЕНЫЙ
B0032,20,discharge,1.8173838456081814,0.9595317771816786,ЗЕЛЕНЫЙ
B0032,22,discharge,1.8057992981104682,0.9534154350147841,ЗЕЛЕНЫЙ
B0032,26,discharge,1.8149829605049186,0.9582641717963276,ЗЕЛЕНЫЙ
B0032,28,discharge,1.7995150369321797,0.9500975072631708,ЗЕЛЕНЫЙ
B0032,30,discharge,1.7866516942518147,0.9433059942361266,ЗЕЛЕНЫЙ
B0032,32,discharge,1.7735550719416031,0.9363913155837535,ЗЕЛЕНЫЙ
B0032,34,discharge,1.769995333364443,0.9345118654656628,ЗЕЛЕНЫЙ
B0032,38,discharge,1.799526080374287,0.9501033379156535,ЗЕЛЕНЫЙ
B0032,40,discharge,1.7968530684449833,0.9486920565877432,ЗЕЛЕНЫЙ
B0032,42,discharge,1.7838265504081745,0.9418143911828516,ЗЕЛЕНЫЙ
B0032,44,discharge,1.7696444491040102,0.9343266076298942,ЗЕЛЕНЫЙ
B0032,46,discharge,1.7512940457049684,0.924638068124036,ЗЕЛЕНЫЙ
B0032,50,discharge,1.7697554297961993,0.9343852025717753,ЗЕЛЕНЫЙ
B0032,52,discharge,1.7547726933914918,0.9264747043442296,ЗЕЛЕНЫЙ
B0032,54,discharge,1.7389166355812984,0.9181031149485844,ЗЕЛЕНЫЙ
B0032,56,discharge,1.7337200518764075,0.9153594528379759,ЗЕЛЕНЫЙ
B0032,58,discharge,1.7150972597500092,0.9055270991124215,ЗЕЛЕНЫЙ
B0032,62,discharge,1.7462926148815636,0.9219974416993927,ЗЕЛЕНЫЙ
B0032,64,discharge,1.719149261914565,0.9076664517029576,ЗЕЛЕНЫЙ
B0032,66,discharge,1.711582246191498,0.9036712626501539,ЗЕЛЕНЫЙ
B0032,68,discharge,1.6951051195225901,0.894971764922323,ЗЕЛЕНЫЙ
B0032,70,discharge,1.7005124371100973,0.8978266890854626,ЗЕЛЕНЫЙ
B0032,74,discharge,1.7080989351250158,0.9018321642856695,ЗЕЛЕНЫЙ
B0032,76,discharge,1.691435430587127,0.8930342638520576,ЗЕЛЕНЫЙ
B0032,78,discharge,1.6844494328889932,0.8893458373246201,ЗЕЛЕНЫЙ
B0032,80,discharge,1.664037581688075,0.878568906570165,ЗЕЛЕНЫЙ
B0032,82,discharge,1.6686372014231974,0.8809973871079816,ЗЕЛЕНЫЙ
B0032,86,discharge,1.6899344075625968,0.892241762425461,ЗЕЛЕНЫЙ
B0032,88,discharge,1.669431712846442,0.8814168686389632,ЗЕЛЕНЫЙ
B0032,90,discharge,1.6634226761839213,0.8782442523301565,ЗЕЛЕНЫЙ
B0032,92,discharge,1.6436152195947373,0.8677864263357209,ЗЕЛЕНЫЙ
B0032,94,discharge,1.6358000873538245,0.8636602381635555,ЗЕЛЕНЫЙ
B0033,1,discharge,0.06842572240601812,0.03629741888478884,КРАСНЫЙ
B0033,5,discharge,0.46326358339817864,0.24574490044686875,КРАСНЫЙ
B0033,7,discharge,0.8581014443903391,0.4551923820089486,КРАСНЫЙ
B0033,9,discharge,1.2529393053824995,0.6646398635710284,ОРАНЖЕВЫЙ
B0033,11,discharge,1.302918002447558,0.6911517897721443,ОРАНЖЕВЫЙ
B0033,13,discharge,1.3218773211472525,0.7012090359131438,ЖЕЛТЫЙ
B0033,17,discharge,1.2884694418301417,0.6834873408109668,ОРАНЖЕВЫЙ
B0033,19,discharge,1.4722830597510965,0.7809939458098294,ЖЕЛТЫЙ
B0033,21,discharge,1.6560966776720512,0.8785005508086918,ЗЕЛЕНЫЙ
B0033,23,discharge,1.6197297341990775,0.8592091771208071,ЗЕЛЕНЫЙ
B0033,25,discharge,1.604655812282729,0.8512129961702034,ЗЕЛЕНЫЙ
B0033,29,discharge,1.6255699769029337,0.862307218739613,ЗЕЛЕНЫЙ
B0033,31,discharge,1.5900967306245992,0.8434899197167716,ЖЕЛТЫЙ
B0033,33,discharge,1.5739402299623984,0.8349194691372582,ЖЕЛТЫЙ
B0033,35,discharge,1.5711303351557309,0.8334289196007169,ЖЕЛТЫЙ
B0033,37,discharge,1.5897706153457416,0.8433169271276515,ЖЕЛТЫЙ
B0033,41,discharge,1.6257378771074,0.8623962838431743,ЗЕЛЕНЫЙ
B0033,43,discharge,1.6523506333962537,0.8765134071811423,ЗЕЛЕНЫЙ
B0033,45,discharge,1.6143816761595386,0.8563722220101333,ЗЕЛЕНЫЙ
B0033,47,discharge,1.58697453394504,0.8418337051130557,ЖЕЛТЫЙ
B0033,49,discharge,1.5818355572787333,0.8391076602554031,ЖЕЛТЫЙ
B0033,53,discharge,1.6919769406371152,0.8975337577482033,ЗЕЛЕНЫЙ
B0033,57,discharge,1.6879483800354476,0.8953967492297717,ЗЕЛЕНЫЙ
B0033,59,discharge,1.6586223007531458,0.8798403042770676,ЗЕЛЕНЫЙ
B0033,61,discharge,1.6420179032789863,0.8710322603243437,ЗЕЛЕНЫЙ
B0033,63,discharge,1.6381810791118743,0.8689969611841376,ЗЕЛЕНЫЙ
B0033,65,discharge,1.6422892507912386,0.8711762005557251,ЗЕЛЕНЫЙ
B0033,69,discharge,1.651270876264092,0.8759406343182217,ЗЕЛЕНЫЙ
B0033,71,discharge,1.6326559297917211,0.8660660654299853,ЗЕЛЕНЫЙ
B0033,73,discharge,1.6260888111680731,0.862582441915801,ЗЕЛЕНЫЙ
B0033,75,discharge,1.6079292963823688,0.8529494633845689,ЗЕЛЕНЫЙ
B0033,77,discharge,1.6125361114907395,0.8553932154098832,ЗЕЛЕНЫЙ
B0033,81,discharge,1.6218384168987892,0.8603277585044625,ЗЕЛЕНЫЙ
B0033,83,discharge,1.6145443029101134,0.8564584897334385,ЗЕЛЕНЫЙ
B0033,85,discharge,1.5953958917107596,0.8463009367279039,ЖЕЛТЫЙ
B0033,87,discharge,1.5877243027113057,0.8422314308515491,ЖЕЛТЫЙ
B0033,89,discharge,1.5811840578305605,0.838762062904845,ЖЕЛТЫЙ
B0033,93,discharge,1.6128422608267754,0.8555556167744673,ЗЕЛЕНЫЙ
B0033,95,discharge,1.61998606328022,0.8593451506071428,ЗЕЛЕНЫЙ
B0033,97,discharge,1.6099381853611876,0.8540151077386694,ЗЕЛЕНЫЙ
B0033,99,discharge,1.5770977539565159,0.8365944236283953,ЖЕЛТЫЙ
B0033,101,discharge,1.5708599066554392,0.8332854668725859,ЖЕЛТЫЙ
B0033,105,discharge,1.6261581345348248,0.8626192155031746,ЗЕЛЕНЫЙ
B0033,109,discharge,1.6348129972245726,0.8672103131985125,ЗЕЛЕНЫЙ
B0033,111,discharge,1.6117053637342613,0.8549525331891598,ЗЕЛЕНЫЙ
B0033,113,discharge,1.8851401699720662,1.0,ЗЕЛЕНЫЙ
B0033,117,discharge,1.6584957887780232,0.8797731941612589,ЗЕЛЕНЫЙ
B0033,119,discharge,1.62418934644937,0.8615748432507472,ЗЕЛЕНЫЙ
B0033,121,discharge,1.6041720988563641,0.8509564033533562,ЗЕЛЕНЫЙ
B0033,123,discharge,1.6080016740907346,0.8529878571918404,ЗЕЛЕНЫЙ
B0033,125,discharge,1.6256752138435595,0.8623630432041818,ЗЕЛЕНЫЙ
B0033,129,discharge,1.617632765910718,0.8580968098168996,ЗЕЛЕНЫЙ
B0033,131,discharge,1.5973191489094263,0.8473211564597317,ЖЕЛТЫЙ
B0033,133,discharge,1.5875852250170606,0.8421576550674135,ЖЕЛТЫЙ
B0033,135,discharge,1.5802530015403684,0.8382681705646241,ЖЕЛТЫЙ
B0033,137,discharge,1.583036530487776,0.8397447339479447,ЖЕЛТЫЙ
B0033,141,discharge,1.6027138832797037,0.8501828717083952,ЗЕЛЕНЫЙ
B0033,143,discharge,1.5930709154513834,0.845067619282119,ЖЕЛТЫЙ
B0033,145,discharge,1.5448888685020246,0.819508752245684,ЖЕЛТЫЙ
B0033,147,discharge,1.5352188565640517,0.8143791538784091,ЖЕЛТЫЙ
B0033,149,discharge,1.5252677314227332,0.8091004349269871,ЖЕЛТЫЙ
B0033,153,discharge,1.5559492005453626,0.8253758661184427,ЖЕЛТЫЙ
B0033,155,discharge,1.5648029438427147,0.8300724629224264,ЖЕЛТЫЙ
B0033,157,discharge,1.5518620461881205,0.8232077756908208,ЖЕЛТЫЙ
B0033,159,discharge,1.5144550545105004,0.8033646933177078,ЖЕЛТЫЙ
B0033,161,discharge,1.5051936202146428,0.7984518308985726,ЖЕЛТЫЙ
B0033,165,discharge,1.605823969917045,0.8518326623642208,ЗЕЛЕНЫЙ
B0033,169,discharge,1.6249005195877049,0.8619520953774925,ЗЕЛЕНЫЙ
B0033,171,discharge,1.589785130036615,0.8433246266563681,ЖЕЛТЫЙ
B0033,173,discharge,1.5552386152299904,0.8249989258109309,ЖЕЛТЫЙ
B0033,175,discharge,1.539756404636803,0.8167861621980179,ЖЕЛТЫЙ
B0033,177,discharge,1.5293174002138357,0.8112486405912707,ЖЕЛТЫЙ
B0033,181,discharge,1.547680553576876,0.8209896421653406,ЖЕЛТЫЙ
B0033,183,discharge,1.5659920939439786,0.8307032648756211,ЖЕЛТЫЙ
B0033,185,discharge,1.5416252851780505,0.8177775370416589,ЖЕЛТЫЙ
B0033,187,discharge,1.517590655990168,0.8050280186924538,ЖЕЛТЫЙ
B0033,189,discharge,1.5075202042593092,0.7996860012174307,ЖЕЛТЫЙ
B0033,193,discharge,1.49549282626034,0.7933059037633791,ЖЕЛТЫЙ
B0033,195,discharge,1.4997618811573148,0.7955704859758721,ЖЕЛТЫЙ
B0033,197,discharge,1.4906966807803954,0.7907617186909154,ЖЕЛТЫЙ
B0033,199,discharge,1.4800999425051866,0.7851405248698926,ЖЕЛТЫЙ
B0033,201,discharge,1.4676091496100632,0.7785146022493437,ЖЕЛТЫЙ
B0033,205,discharge,1.4729818491920503,0.781364628824326,ЖЕЛТЫЙ
B0033,207,discharge,1.4742872137206404,0.7820570784094459,ЖЕЛТЫЙ
B0033,209,discharge,1.4635162808346138,0.7763434805255357,ЖЕЛТЫЙ
B0033,211,discharge,1.4527095680488362,0.7706109026738114,ЖЕЛТЫЙ
B0033,213,discharge,1.4557303847230247,0.7722133387803176,ЖЕЛТЫЙ
B0033,217,discharge,1.459740099618568,0.7743403503200499,ЖЕЛТЫЙ
B0033,219,discharge,1.448711504158192,0.7684900715789525,ЖЕЛТЫЙ
B0033,221,discharge,1.4666759762884336,0.7780195868990297,ЖЕЛТЫЙ
B0033,223,discharge,1.4689502109504418,0.7792259877270603,ЖЕЛТЫЙ
B0033,225,discharge,1.471116588522042,0.7803751741939916,ЖЕЛТЫЙ
B0033,229,discharge,1.4473012364654927,0.7677419745858679,ЖЕЛТЫЙ
B0033,231,discharge,1.4205315547561643,0.7535416078780038,ЖЕЛТЫЙ
B0033,233,discharge,1.4241466094817417,0.7554592661949613,ЖЕЛТЫЙ
B0033,235,discharge,1.4412820083364295,0.7645489875470566,ЖЕЛТЫЙ
B0033,237,discharge,1.4448965388921615,0.7664663678105017,ЖЕЛТЫЙ
B0033,241,discharge,1.4540256354795746,0.7713090297689218,ЖЕЛТЫЙ
B0033,243,discharge,1.4226030447542912,0.7546404598525802,ЖЕЛТЫЙ
B0033,245,discharge,1.410196954589097,0.7480594690261113,ЖЕЛТЫЙ
B0033,247,discharge,1.4144881298999457,0.7503357853336208,ЖЕЛТЫЙ
B0033,249,discharge,1.431360032946153,0.7592857315047097,ЖЕЛТЫЙ
B0033,253,discharge,1.4515133236517528,0.7699763374482976,ЖЕЛТЫЙ
B0033,255,discharge,1.4230376757726733,0.7548710161927957,ЖЕЛТЫЙ
B0033,257,discharge,1.396298696255913,0.740686935909176,ЖЕЛТЫЙ
B0033,259,discharge,1.3979060730399124,0.7415395922843374,ЖЕЛТЫЙ
B0033,261,discharge,1.4011347560096767,0.7432522940882632,ЖЕЛТЫЙ
B0033,265,discharge,1.436782528945267,0.7621621733128507,ЖЕЛТЫЙ
B0033,267,discharge,1.4370006879546382,0.7622778989298878,ЖЕЛТЫЙ
B0033,269,discharge,1.410355528453481,0.7481435868370359,ЖЕЛТЫЙ
B0033,271,discharge,1.382633397996189,0.7334379798488282,ЖЕЛТЫЙ
B0033,273,discharge,1.3699403583067564,0.7267047724769751,ЖЕЛТЫЙ
B0033,277,discharge,1.3786129327882322,0.7313052656496415,ЖЕЛТЫЙ
B0033,279,discharge,1.3839420849574435,0.7341321918666401,ЖЕЛТЫЙ
B0033,283,discharge,1.389271237126655,0.7369591180836388,ЖЕЛТЫЙ
B0033,285,discharge,1.3946003892958663,0.7397860443006374,ЖЕЛТЫЙ
B0033,287,discharge,1.3961613987822286,0.7406141044689089,ЖЕЛТЫЙ
B0033,289,discharge,1.384968608315797,0.7346767261005951,ЖЕЛТЫЙ
B0033,291,discharge,1.3715114742475478,0.727538193760876,ЖЕЛТЫЙ
B0033,295,discharge,1.3616865084879255,0.7223263978869554,ЖЕЛТЫЙ
B0033,297,discharge,1.3796301360966086,0.7318448559276374,ЖЕЛТЫЙ
B0033,299,discharge,1.364231776003204,0.7236765720309377,ЖЕЛТЫЙ
B0033,301,discharge,1.3418414512081456,0.7117992988436658,ЖЕЛТЫЙ
B0033,303,discharge,1.3552215695792247,0.718896977087548,ЖЕЛТЫЙ
B0033,307,discharge,1.3403860264029774,0.7110272476040013,ЖЕЛТЫЙ
B0033,309,discharge,1.3594078914195438,0.7211176723477741,ЖЕЛТЫЙ
B0033,311,discharge,1.3457100861355502,0.7138514724639764,ЖЕЛТЫЙ
B0033,313,discharge,1.3477611420854358,0.714939484900694,ЖЕЛТЫЙ
B0033,315,discharge,1.335482103134067,0.7084258902370405,ЖЕЛТЫЙ
B0033,319,discharge,1.353154941842234,0.7178007043700548,ЖЕЛТЫЙ
B0033,321,discharge,1.3709677706044292,0.7272497782617109,ЖЕЛТЫЙ
B0033,323,discharge,1.357426672491866,0.7200667059744317,ЖЕЛТЫЙ
B0033,325,discharge,1.3443678821106904,0.7131394808326699,ЖЕЛТЫЙ
B0033,327,discharge,1.33005823859453,0.705548722466743,ЖЕЛТЫЙ
B0033,331,discharge,1.4033641858066626,0.7444349275244914,ЖЕЛТЫЙ
B0033,335,discharge,1.3865570950229378,0.7355193619599564,ЖЕЛТЫЙ
B0033,337,discharge,1.3704138176872631,0.7269559258861742,ЖЕЛТЫЙ
B0033,339,discharge,1.325319393635713,0.7030349332884628,ЖЕЛТЫЙ
B0033,341,discharge,0.9617085282472273,0.5101522653678733,КРАСНЫЙ
B0033,343,discharge,0.5980976628587416,0.3172695974472838,КРАСНЫЙ
B0033,347,discharge,0.2344867974702557,0.12438692952669418,КРАСНЫЙ
B0033,349,discharge,0.20256330380725823,0.10745264836739424,КРАСНЫЙ
B0033,351,discharge,0.23531995654070248,0.12482889086395597,КРАСНЫЙ
B0033,353,discharge,0.23550427837482876,0.12492666705962689,КРАСНЫЙ
B0033,355,discharge,0.4304242256752923,0.2283247858867016,КРАСНЫЙ
B0033,359,discharge,0.46436333202696434,0.24632827808971108,КРАСНЫЙ
B0033,361,discharge,0.3994839380247729,0.2119120606457038,КРАСНЫЙ
B0033,363,discharge,0.9072919462815131,0.4812861986251968,КРАСНЫЙ
B0033,365,discharge,1.4150999545382532,0.7506603366046897,ЖЕЛТЫЙ
B0033,367,discharge,1.383632373873956,0.7339679011213572,ЖЕЛТЫЙ
B0033,371,discharge,1.3705402893609833,0.7270230146235183,ЖЕЛТЫЙ
B0033,373,discharge,1.3557042566115398,0.7191530254387547,ЖЕЛТЫЙ
B0033,375,discharge,1.3578385793919763,0.7202852079758592,ЖЕЛТЫЙ
B0033,377,discharge,1.3609083979571395,0.7219136378475799,ЖЕЛТЫЙ
B0033,379,discharge,1.3495626547684758,0.7158951234848884,ЖЕЛТЫЙ
B0033,383,discharge,1.1888877132486642,0.6306627656585775,ОРАНЖЕВЫЙ
B0033,387,discharge,1.3393982885599705,0.7105032877103338,ЖЕЛТЫЙ
B0033,389,discharge,1.4899088638712767,0.79034380976209,ЖЕЛТЫЙ
B0033,391,discharge,1.475330178643193,0.7826103343100763,ЖЕЛТЫЙ
B0033,393,discharge,1.459830765413703,0.7743884453087299,ЖЕЛТЫЙ
B0033,395,discharge,1.4474169057725728,0.7678033330508365,ЖЕЛТЫЙ
B0033,399,discharge,1.4676323674647154,0.7785269184977701,ЖЕЛТЫЙ
B0033,401,discharge,1.441552493165527,0.7646924701556213,ЖЕЛТЫЙ
B0033,403,discharge,1.418392873584403,0.7524071133688804,ЖЕЛТЫЙ
B0033,405,discharge,1.4031824838852518,0.7443385410995957,ЖЕЛТЫЙ
B0033,407,discharge,1.3911104661211642,0.7379347638333851,ЖЕЛТЫЙ
B0033,411,discharge,1.4086019958134537,0.747213399963954,ЖЕЛТЫЙ
B0033,413,discharge,1.4137708903948947,0.7499553152144881,ЖЕЛТЫЙ
B0033,415,discharge,1.412472234540845,0.7492664243432756,ЖЕЛТЫЙ
B0033,417,discharge,1.3831900026575588,0.7337332388806158,ЖЕЛТЫЙ
B0033,419,discharge,1.3646098107432565,0.7238771060527966,ЖЕЛТЫЙ
B0033,423,discharge,1.369751365782437,0.7266045186458118,ЖЕЛТЫЙ
B0033,425,discharge,1.3867946911071662,0.7356453982558313,ЖЕЛТЫЙ
B0033,427,discharge,1.3918615875742792,0.7383332071242764,ЖЕЛТЫЙ
B0033,429,discharge,1.377162352180965,0.7305357840851546,ЖЕЛТЫЙ
B0033,431,discharge,1.3599525359390852,0.7214065869485115,ЖЕЛТЫЙ
B0033,435,discharge,1.379779043170725,0.7319238458491766,ЖЕЛТЫЙ
B0033,439,discharge,1.3631373661966442,0.7230960264439343,ЖЕЛТЫЙ
B0033,441,discharge,1.3652295228794809,0.724205841361765,ЖЕЛТЫЙ
B0033,443,discharge,1.3498620694059131,0.7160539523307252,ЖЕЛТЫЙ
B0033,445,discharge,1.3529504172332432,0.7176922113188491,ЖЕЛТЫЙ
B0033,447,discharge,1.3535740542605128,0.718023028643313,ЖЕЛТЫЙ
B0033,451,discharge,1.3432225183905024,0.7125319060016668,ЖЕЛТЫЙ
B0033,453,discharge,1.3412081769053426,0.7114633692863361,ЖЕЛТЫЙ
B0033,455,discharge,1.3277389969987805,0.7043184470566212,ЖЕЛТЫЙ
B0033,457,discharge,1.329778900445409,0.7054005434859062,ЖЕЛТЫЙ
B0033,459,discharge,1.3356045028702495,0.7084908189559401,ЖЕЛТЫЙ
B0033,463,discharge,1.3177489685711123,0.6990190912915715,ОРАНЖЕВЫЙ
B0033,465,discharge,1.317605472474197,0.6989429717015266,ОРАНЖЕВЫЙ
B0033,467,discharge,1.3185279522072382,0.6994323144823634,ОРАНЖЕВЫЙ
B0033,469,discharge,1.3215397269813982,0.7010299541815931,ЖЕЛТЫЙ
B0033,471,discharge,1.3046615372928705,0.6920766731697213,ОРАНЖЕВЫЙ
B0033,475,discharge,1.3280324770208678,0.7044741277994975,ЖЕЛТЫЙ
B0033,477,discharge,1.3634549770713926,0.7232645077482998,ЖЕЛТЫЙ
B0033,479,discharge,1.3291316747402466,0.7050572132044386,ЖЕЛТЫЙ
B0033,481,discharge,1.3124201086917682,0.6961923201239807,ОРАНЖЕВЫЙ
B0033,483,discharge,1.3152825503676357,0.6977107439109557,ОРАНЖЕВЫЙ
B0034,1,discharge,0.7459302957645664,0.4534289846885606,КРАСНЫЙ
B0034,5,discharge,1.195508832729549,0.7267144923442802,ЖЕЛТЫЙ
B0034,7,discharge,1.645087369694532,1.0,ЗЕЛЕНЫЙ
B0034,9,discharge,1.620729289277574,0.9851934426914475,ЗЕЛЕНЫЙ
B0034,11,discharge,1.5967402025126005,0.97061118572024,ЗЕЛЕНЫЙ
B0034,13,discharge,1.4856500618812698,0.9030827719242247,ЗЕЛЕНЫЙ
B0034,17,discharge,1.4866702197497013,0.9037028957469617,ЗЕЛЕНЫЙ
B0034,19,discharge,1.4701330958405268,0.893650466791626,ЗЕЛЕНЫЙ
B0034,21,discharge,1.4565041801019636,0.885365851646174,ЗЕЛЕНЫЙ
B0034,23,discharge,1.4418961035576472,0.876486033580931,ЗЕЛЕНЫЙ
B0034,25,discharge,1.4370949588970292,0.8735675596147067,ЗЕЛЕНЫЙ
B0034,29,discharge,1.4458703624967404,0.8789018681513655,ЗЕЛЕНЫЙ
B0034,31,discharge,1.4321040545618373,0.8705337363496733,ЗЕЛЕНЫЙ
B0034,33,discharge,1.426720633302465,0.8672613136452354,ЗЕЛЕНЫЙ
B0034,35,discharge,1.4230846885129826,0.8650511302492269,ЗЕЛЕНЫЙ
B0034,37,discharge,1.4409479522418907,0.8759096804137844,ЗЕЛЕНЫЙ
B0034,41,discharge,1.486901544051865,0.9038435109546553,ЗЕЛЕНЫЙ
B0034,43,discharge,1.5245313226850703,0.9267175414325579,ЗЕЛЕНЫЙ
B0034,45,discharge,1.4629049605190707,0.8892566969198178,ЗЕЛЕНЫЙ
B0034,47,discharge,1.4230794508549893,0.8650479464317046,ЗЕЛЕНЫЙ
B0034,49,discharge,1.4051040863603435,0.8541212535242125,ЗЕЛЕНЫЙ
B0034,53,discharge,1.6329463925070862,0.9926198587314543,ЗЕЛЕНЫЙ
B0034,57,discharge,1.5687138208259117,0.953574776467464,ЗЕЛЕНЫЙ
B0034,59,discharge,1.5149520966053402,0.920894612963106,ЗЕЛЕНЫЙ
B0034,61,discharge,1.4855182940634626,0.9030026741614952,ЗЕЛЕНЫЙ
B0034,63,discharge,1.480771929049074,0.9001174991234848,ЗЕЛЕНЫЙ
B0034,65,discharge,1.484026357317059,0.9020957698998201,ЗЕЛЕНЫЙ
B0034,69,discharge,1.4922153055506522,0.907073589549067,ЗЕЛЕНЫЙ
B0034,71,discharge,1.473312924099279,0.8955833904267656,ЗЕЛЕНЫЙ
B0034,73,discharge,1.441593178980006,0.8763018946815501,ЗЕЛЕНЫЙ
B0034,75,discharge,1.4225873198015788,0.8647487945067208,ЗЕЛЕНЫЙ
B0034,77,discharge,1.4266489379486664,0.8672177321582462,ЗЕЛЕНЫЙ
B0034,81,discharge,1.4596775560238577,0.887294853096403,ЗЕЛЕНЫЙ
B0034,83,discharge,1.4396159938545154,0.8751000222692309,ЗЕЛЕНЫЙ
B0034,85,discharge,1.4195512657848512,0.8629032669848049,ЗЕЛЕНЫЙ
B0034,87,discharge,1.4118101714470452,0.8581976844848047,ЗЕЛЕНЫЙ
B0034,89,discharge,1.4044196701845313,0.8537052171553119,ЗЕЛЕНЫЙ
B0034,93,discharge,1.4735059098606866,0.8957007007684306,ЗЕЛЕНЫЙ
B0034,95,discharge,1.492658600645149,0.9073430555377209,ЗЕЛЕНЫЙ
B0034,97,discharge,1.4820260149945934,0.9008798209117509,ЗЕЛЕНЫЙ
B0034,99,discharge,1.423575357658995,0.8653493935239023,ЗЕЛЕНЫЙ
B0034,101,discharge,1.4038252197245347,0.8533438682865846,ЗЕЛЕНЫЙ
B0034,105,discharge,1.5363173478836125,0.9338819178758169,ЗЕЛЕНЫЙ
B0034,109,discharge,1.5440367168176732,0.938574294144862,ЗЕЛЕНЫЙ
B0034,111,discharge,1.507892155360249,0.9166030833002151,ЗЕЛЕНЫЙ
B0034,113,discharge,1.5507748655914566,0.9426702156733548,ЗЕЛЕНЫЙ
B0034,117,discharge,1.5936575758226643,0.9687373480464947,ЗЕЛЕНЫЙ
B0034,119,discharge,1.533070464968097,0.931908233696284,ЗЕЛЕНЫЙ
B0034,121,discharge,1.4862143093107285,0.9034257612631821,ЗЕЛЕНЫЙ
B0034,123,discharge,1.5029318848267783,0.9135878814180247,ЗЕЛЕНЫЙ
B0034,125,discharge,1.5202185406928062,0.9240959287013965,ЗЕЛЕНЫЙ
B0034,129,discharge,1.5118194735004464,0.9189903839460931,ЗЕЛЕНЫЙ
B0034,131,discharge,1.464601301820905,0.890287852670621,ЗЕЛЕНЫЙ
B0034,133,discharge,1.4546140961511749,0.8842169254641319,ЗЕЛЕНЫЙ
B0034,135,discharge,1.4333400490204142,0.8712850608576272,ЗЕЛЕНЫЙ
B0034,137,discharge,1.4493262346396159,0.8810025907066164,ЗЕЛЕНЫЙ
B0034,141,discharge,1.495199821798908,0.9088877887844607,ЗЕЛЕНЫЙ
B0034,143,discharge,1.4720590241846008,0.8948211817211508,ЗЕЛЕНЫЙ
B0034,145,discharge,1.4097383014648728,0.8569382559460291,ЗЕЛЕНЫЙ
B0034,147,discharge,1.3861944181384176,0.842626624989415,ЖЕЛТЫЙ
B0034,149,discharge,1.3624125407550536,0.8281703244782878,ЖЕЛТЫЙ
B0034,153,discharge,1.4471377445077278,0.8796722722249333,ЗЕЛЕНЫЙ
B0034,155,discharge,1.4554483390450048,0.884724037067563,ЗЕЛЕНЫЙ
B0034,157,discharge,1.4423952167302958,0.8767894297298793,ЗЕЛЕНЫЙ
B0034,159,discharge,1.377541945989605,0.8373670428491551,ЖЕЛТЫЙ
B0034,161,discharge,1.3539935892900532,0.8230526926612228,ЖЕЛТЫЙ
B0034,165,discharge,1.5509038861664448,0.9427486434683553,ЗЕЛЕНЫЙ
B0034,169,discharge,1.5562932697752867,0.9460246905088493,ЗЕЛЕНЫЙ
B0034,171,discharge,1.5067526605064707,0.9159104180504722,ЗЕЛЕНЫЙ
B0034,173,discharge,1.444138733302766,0.8778492619336813,ЗЕЛЕНЫЙ
B0034,175,discharge,1.4144103811292437,0.8597782751148824,ЗЕЛЕНЫЙ
B0034,177,discharge,1.3897574212362729,0.8447924692864974,ЖЕЛТЫЙ
B0034,181,discharge,1.449968311475299,0.8813928902417726,ЗЕЛЕНЫЙ
B0034,183,discharge,1.4678653068012166,0.8922719448473896,ЗЕЛЕНЫЙ
B0034,185,discharge,1.4290644310445066,0.8686860390338188,ЗЕЛЕНЫЙ
B0034,187,discharge,1.376744834668327,0.836882502431447,ЖЕЛТЫЙ
B0034,189,discharge,1.3515813262521057,0.8215863492423956,ЖЕЛТЫЙ
B0034,193,discharge,1.353993472828928,0.8230526218679463,ЖЕЛТЫЙ
B0034,195,discharge,1.3577165116893766,0.825315747176081,ЖЕЛТЫЙ
B0034,197,discharge,1.334169315351027,0.8110021023374352,ЖЕЛТЫЙ
B0034,199,discharge,1.3372147888783987,0.8128533557015268,ЖЕЛТЫЙ
B0034,201,discharge,1.339045224276927,0.8139660232912539,ЖЕЛТЫЙ
B0034,205,discharge,1.3439244604756322,0.8169319667958904,ЖЕЛТЫЙ
B0034,207,discharge,1.3454786192090245,0.8178766939648072,ЖЕЛТЫЙ
B0034,209,discharge,1.3482263029682544,0.8195469297284799,ЖЕЛТЫЙ
B0034,211,discharge,1.3373192299576058,0.8129168423473616,ЖЕЛТЫЙ
B0034,213,discharge,1.3402523341553034,0.8146997897164381,ЖЕЛТЫЙ
B0034,217,discharge,1.3290965682379121,0.8079185292661418,ЖЕЛТЫЙ
B0034,219,discharge,1.3323485655766352,0.8098953223524124,ЖЕЛТЫЙ
B0034,221,discharge,1.3501541310555516,0.8207187994557729,ЖЕЛТЫЙ
B0034,223,discharge,1.381523441054128,0.8397872760464121,ЖЕЛТЫЙ
B0034,225,discharge,1.3835971952817807,0.841047849962336,ЖЕЛТЫЙ
B0034,229,discharge,1.3301161862080901,0.8085383249006846,ЖЕЛТЫЙ
B0034,231,discharge,1.3176982121703233,0.8009898054320361,ЖЕЛТЫЙ
B0034,233,discharge,1.3063657719651272,0.794101149902877,ЖЕЛТЫЙ
B0034,235,discharge,1.3381567383793782,0.8134259389687332,ЖЕЛТЫЙ
B0034,237,discharge,1.3563258092165067,0.8244703802378326,ЖЕЛТЫЙ
B0034,241,discharge,1.3648997529550058,0.8296822272779634,ЖЕЛТЫЙ
B0034,243,discharge,1.3337639975535058,0.8107557216253904,ЖЕЛТЫЙ
B0034,245,discharge,1.3060123668658763,0.7938863253860998,ЖЕЛТЫЙ
B0034,247,discharge,1.3101868361375808,0.7964238619015492,ЖЕЛТЫЙ
B0034,249,discharge,1.3567668941696103,0.8247385027468428,ЖЕЛТЫЙ
B0034,253,discharge,1.3916857433587717,0.845964639323191,ЖЕЛТЫЙ
B0034,255,discharge,1.3629935079344777,0.8285234772591835,ЖЕЛТЫЙ
B0034,257,discharge,1.3211711973900628,0.8031009305210242,ЖЕЛТЫЙ
B0034,259,discharge,1.3074869015593356,0.7947826514540174,ЖЕЛТЫЙ
B0034,261,discharge,1.3105881895483489,0.7966678327800336,ЖЕЛТЫЙ
B0034,265,discharge,1.376312668196664,0.8366198012037649,ЖЕЛТЫЙ
B0034,267,discharge,1.391764929132287,0.8460127740149855,ЖЕЛТЫЙ
B0034,269,discharge,1.3649746353453525,0.829727746070294,ЖЕЛТЫЙ
B0034,271,discharge,1.3219093937291897,0.8035496582620097,ЖЕЛТЫЙ
B0034,273,discharge,1.3090033888073913,0.7957044792401837,ЖЕЛТЫЙ
B0034,277,discharge,1.3327005721973733,0.8101092967754264,ЖЕЛТЫЙ
B0034,279,discharge,1.338053677357499,0.8133632912189674,ЖЕЛТЫЙ
B0034,283,discharge,1.3434067825176244,0.8166172856625085,ЖЕЛТЫЙ
B0034,285,discharge,1.34875988767775,0.8198712801060496,ЖЕЛТЫЙ
B0034,287,discharge,1.3501504559881146,0.8207165654908755,ЖЕЛТЫЙ
B0034,289,discharge,1.3387814875085953,0.8138057055031592,ЖЕЛТЫЙ
B0034,291,discharge,1.3253371210402685,0.805633272405686,ЖЕЛТЫЙ
B0034,295,discharge,1.3308160596334049,0.808963757274799,ЖЕЛТЫЙ
B0034,297,discharge,1.333083376618503,0.810341992271229,ЖЕЛТЫЙ
B0034,299,discharge,1.3333226534895923,0.8104874416105755,ЖЕЛТЫЙ
B0034,301,discharge,1.3264281097516475,0.8062964522048122,ЖЕЛТЫЙ
B0034,303,discharge,1.323971040986857,0.8048028727086383,ЖЕЛТЫЙ
B0034,307,discharge,1.3249364225071156,0.8053896996079524,ЖЕЛТЫЙ
B0034,309,discharge,1.3283067675570923,0.8074384327707402,ЖЕЛТЫЙ
B0034,311,discharge,1.314584348909226,0.799096979969717,ЖЕЛТЫЙ
B0034,313,discharge,1.3166841798543303,0.8003734051516174,ЖЕЛТЫЙ
B0034,315,discharge,1.3041727649654073,0.7927680857507116,ЖЕЛТЫЙ
B0034,319,discharge,1.3534450073572306,0.8227192259147579,ЖЕЛТЫЙ
B0034,321,discharge,1.371294082513786,0.8335691512654521,ЖЕЛТЫЙ
B0034,323,discharge,1.357699321922511,0.825305298024758,ЖЕЛТЫЙ
B0034,325,discharge,1.3286903090919502,0.8076715763361967,ЖЕЛТЫЙ
B0034,327,discharge,1.3143943268181724,0.7989814711556843,ЖЕЛТЫЙ
B0034,331,discharge,1.3866783030110723,0.8429207643047905,ЖЕЛТЫЙ
B0034,335,discharge,1.3868330458429208,0.8430148278996481,ЖЕЛТЫЙ
B0034,337,discharge,1.3548037379291014,0.823545158079153,ЖЕЛТЫЙ
B0034,339,discharge,1.3255787669951669,0.805780161841074,ЖЕЛТЫЙ
B0034,341,discharge,1.3119728676377553,0.7975095376735941,ЖЕЛТЫЙ
B0034,343,discharge,1.3064487948795198,0.794151617079224,ЖЕЛТЫЙ
B0034,347,discharge,1.3418431880549024,0.8156668227925563,ЖЕЛТЫЙ
B0034,349,discharge,1.3609210170759327,0.8272636713080079,ЖЕЛТЫЙ
B0034,351,discharge,1.3299603677394973,0.8084436074580349,ЖЕЛТЫЙ
B0034,353,discharge,1.299069387625936,0.7896658934699339,ЖЕЛТЫЙ
B0034,355,discharge,1.2984544371955695,0.7892920832749892,ЖЕЛТЫЙ
B0034,359,discharge,1.3176486091610087,0.8009596532284338,ЖЕЛТЫЙ
B0034,361,discharge,1.3360648564106594,0.8121543457346867,ЖЕЛТЫЙ
B0034,363,discharge,1.3635797361860138,0.8288798280903524,ЖЕЛТЫЙ
B0034,365,discharge,1.3333112541544827,0.8104805122916107,ЖЕЛТЫЙ
B0034,367,discharge,1.3023273463118925,0.7916463102830308,ЖЕЛТЫЙ
B0034,371,discharge,1.2888728444455875,0.7834677161766258,ЖЕЛТЫЙ
B0034,373,discharge,1.2902746194203034,0.784319813761556,ЖЕЛТЫЙ
B0034,375,discharge,1.292407565676824,0.7856163687627147,ЖЕЛТЫЙ
B0034,377,discharge,1.2954091505102339,0.7874409434866501,ЖЕЛТЫЙ
B0034,379,discharge,1.283229881592695,0.7800375258068947,ЖЕЛТЫЙ
B0034,383,discharge,1.4557454024367817,0.884904613125254,ЗЕЛЕНЫЙ
B0034,387,discharge,1.454676342673242,0.884254763285523,ЗЕЛЕНЫЙ
B0034,389,discharge,1.423427718198495,0.8652596478585839,ЗЕЛЕНЫЙ
B0034,391,discharge,1.392551210363313,0.8464907311408566,ЖЕЛТЫЙ
B0034,393,discharge,1.3765732493746907,0.8367782008017602,ЖЕЛТЫЙ
B0034,395,discharge,1.3810190828982352,0.8394806916271381,ЖЕЛТЫЙ
B0034,399,discharge,1.4007568321672863,0.8514786861608364,ЗЕЛЕНЫЙ
B0034,401,discharge,1.374645303479972,0.8356062594628167,ЖЕЛТЫЙ
B0034,403,discharge,1.3345924114397838,0.8112592899473767,ЖЕЛТЫЙ
B0034,405,discharge,1.336396621564738,0.8123560159682502,ЖЕЛТЫЙ
B0034,407,discharge,1.3069152971756248,0.7944351900399669,ЖЕЛТЫЙ
B0034,411,discharge,1.341539456674081,0.8154821934613629,ЖЕЛТЫЙ
B0034,413,discharge,1.346388970161922,0.8184300694083659,ЖЕЛТЫЙ
B0034,415,discharge,1.344989807277774,0.8175795596361051,ЖЕЛТЫЙ
B0034,417,discharge,1.3158760805047784,0.7998821854362159,ЖЕЛТЫЙ
B0034,419,discharge,1.2972766889740088,0.7885761649333516,ЖЕЛТЫЙ
B0034,423,discharge,1.2851255211005648,0.7811898290479206,ЖЕЛТЫЙ
B0034,425,discharge,1.3190209156530253,0.8017938377935195,ЖЕЛТЫЙ
B0034,427,discharge,1.3410097849290994,0.8151602216592938,ЖЕЛТЫЙ
B0034,429,discharge,1.326126983882746,0.8061134066873226,ЖЕЛТЫЙ
B0034,431,discharge,1.3091442679990724,0.7957901155378517,ЖЕЛТЫЙ
B0034,435,discharge,1.363001289617145,0.8285282075141297,ЖЕЛТЫЙ
B0034,439,discharge,1.329285701687194,0.8080334979011007,ЖЕЛТЫЙ
B0034,441,discharge,1.2969085930621855,0.7883524103057225,ЖЕЛТЫЙ
B0034,443,discharge,1.2986285924941396,0.7893979471347321,ЖЕЛТЫЙ
B0034,445,discharge,1.2840657611821942,0.780545632309259,ЖЕЛТЫЙ
B0034,447,discharge,1.3021015914136362,0.7915090805513977,ЖЕЛТЫЙ
B0034,451,discharge,1.3089076351731335,0.7956462734354212,ЖЕЛТЫЙ
B0034,453,discharge,1.2722519696513912,0.7733643775331089,ЖЕЛТЫЙ
B0034,455,discharge,1.276011534360331,0.7756497058252093,ЖЕЛТЫЙ
B0034,457,discharge,1.2605053003103004,0.7662239243526362,ЖЕЛТЫЙ
B0034,459,discharge,1.2660681251347115,0.7696054011829179,ЖЕЛТЫЙ
B0034,463,discharge,1.265829016865281,0.7694600543315376,ЖЕЛТЫЙ
B0034,465,discharge,1.2655873898206993,0.7693131763911724,ЖЕЛТЫЙ
B0034,467,discharge,1.2663598323027554,0.7697827213504772,ЖЕЛТЫЙ
B0034,469,discharge,1.2868479432728903,0.7822368385892103,ЖЕЛТЫЙ
B0034,471,discharge,1.270026164613209,0.7720113764225384,ЖЕЛТЫЙ
B0034,475,discharge,1.34598253292492,0.81818300822214,ЖЕЛТЫЙ
B0034,477,discharge,1.3286875315413778,0.8076698879452797,ЖЕЛТЫЙ
B0034,479,discharge,1.31203071983408,0.7975447043142179,ЖЕЛТЫЙ
B0034,481,discharge,1.295125492961198,0.7872685164446209,ЖЕЛТЫЙ
B0034,483,discharge,1.2802601605963335,0.7782323201679304,ЖЕЛТЫЙ
B0036,1,discharge,1.001982588175331,0.5046517977882049,КРАСНЫЙ
B0036,5,discharge,1.403202786888697,0.7067276591645613,ЖЕЛТЫЙ
B0036,7,discharge,1.8044229856020628,0.9088035205409176,ЗЕЛЕНЫЙ
B0036,9,discharge,1.804388833772829,0.9087863198607621,ЗЕЛЕНЫЙ
B0036,11,discharge,1.7989248871784247,0.906034385341714,ЗЕЛЕНЫЙ
B0036,13,discharge,1.792996521672392,0.9030485447234521,ЗЕЛЕНЫЙ
B0036,17,discharge,1.7885507985621891,0.9008094417824339,ЗЕЛЕНЫЙ
B0036,19,discharge,1.7890856930727703,0.9010788431468663,ЗЕЛЕНЫЙ
B0036,21,discharge,1.7893137312833287,0.9011936953351984,ЗЕЛЕНЫЙ
B0036,23,discharge,1.7860759459480868,0.8995629741933694,ЗЕЛЕНЫЙ
B0036,25,discharge,1.7836324249650817,0.8983322868824727,ЗЕЛЕНЫЙ
B0036,29,discharge,1.7829728738072719,0.8980001017911847,ЗЕЛЕНЫЙ
B0036,31,discharge,1.7813775963259668,0.8971966350858623,ЗЕЛЕНЫЙ
B0036,33,discharge,1.7785359545932946,0.8957654329612081,ЗЕЛЕНЫЙ
B0036,35,discharge,1.7759043090943398,0.8944399961244192,ЗЕЛЕНЫЙ
B0036,37,discharge,1.7780426649905914,0.8955169860442934,ЗЕЛЕНЫЙ
B0036,41,discharge,1.7830029333591655,0.8980152413825138,ЗЕЛЕНЫЙ
B0036,43,discharge,1.7883000424613877,0.9006831476546026,ЗЕЛЕНЫЙ
B0036,45,discharge,1.779294712578026,0.8961475838943678,ЗЕЛЕНЫЙ
B0036,47,discharge,1.7709235500451854,0.8919314205881087,ЗЕЛЕНЫЙ
B0036,49,discharge,1.7659050180801104,0.8894038205995254,ЗЕЛЕНЫЙ
B0036,53,discharge,1.7826929241469245,0.897859104231894,ЗЕЛЕНЫЙ
B0036,57,discharge,1.7964662072920203,0.9047960631996903,ЗЕЛЕНЫЙ
B0036,59,discharge,1.7909083533422898,0.9019968319349201,ЗЕЛЕНЫЙ
B0036,61,discharge,1.78518002808874,0.8991117422421103,ЗЕЛЕНЫЙ
B0036,63,discharge,1.7811343176546524,0.8970741069897744,ЗЕЛЕНЫЙ
B0036,65,discharge,1.7755577789223567,0.8942654650733382,ЗЕЛЕНЫЙ
B0036,69,discharge,1.776885870616115,0.8949343627855262,ЗЕЛЕНЫЙ
B0036,71,discharge,1.7713083410378214,0.8921252218262721,ЗЕЛЕНЫЙ
B0036,73,discharge,1.7713348840874137,0.8921385903197505,ЗЕЛЕНЫЙ
B0036,75,discharge,1.7660842866405053,0.8894941097945253,ЗЕЛЕНЫЙ
B0036,77,discharge,1.7592793663412327,0.886066789496388,ЗЕЛЕНЫЙ
B0036,81,discharge,1.7610368813762423,0.8869519676746561,ЗЕЛЕНЫЙ
B0036,83,discharge,1.760242767365706,0.8865520095638113,ЗЕЛЕНЫЙ
B0036,85,discharge,1.7555899416034397,0.8842085986967634,ЗЕЛЕНЫЙ
B0036,87,discharge,1.7545602176655593,0.8836899748777375,ЗЕЛЕНЫЙ
B0036,89,discharge,1.7499108336094897,0.8813482974372381,ЗЕЛЕНЫЙ
B0036,93,discharge,1.7610225525303758,0.886944750904712,ЗЕЛЕНЫЙ
B0036,95,discharge,1.7624094574337117,0.8876432700816813,ЗЕЛЕНЫЙ
B0036,97,discharge,1.7536170397120676,0.8832149402259571,ЗЕЛЕНЫЙ
B0036,99,discharge,1.7462044775191679,0.8794815791067028,ЗЕЛЕНЫЙ
B0036,101,discharge,1.7406176172769725,0.8766677387281492,ЗЕЛЕНЫЙ
B0036,105,discharge,1.750690404425682,0.8817409308208292,ЗЕЛЕНЫЙ
B0036,109,discharge,1.765112055153915,0.8890044422360623,ЗЕЛЕНЫЙ
B0036,111,discharge,1.7631888267564881,0.8880358019824565,ЗЕЛЕНЫЙ
B0036,113,discharge,1.9854929528970957,1.0,ЗЕЛЕНЫЙ
B0036,117,discharge,1.7653557308133239,0.8891271702764986,ЗЕЛЕНЫЙ
B0036,119,discharge,1.7571880383127276,0.8850134853154522,ЗЕЛЕНЫЙ
B0036,121,discharge,1.7573770661844437,0.8851086898194219,ЗЕЛЕНЫЙ
B0036,123,discharge,1.7617376127979814,0.8873048933401522,ЗЕЛЕНЫЙ
B0036,125,discharge,1.7606892547636663,0.8867768843976952,ЗЕЛЕНЫЙ
B0036,129,discharge,1.760669562156983,0.8867669661521257,ЗЕЛЕНЫЙ
B0036,131,discharge,1.752963802649152,0.8828859352491516,ЗЕЛЕНЫЙ
B0036,133,discharge,1.750535708024147,0.8816630174737639,ЗЕЛЕНЫЙ
B0036,135,discharge,1.7500761995337284,0.8814315845242043,ЗЕЛЕНЫЙ
B0036,137,discharge,1.7465957802278385,0.8796786599918802,ЗЕЛЕНЫЙ
B0036,141,discharge,1.753614286788707,0.88321355370713,ЗЕЛЕНЫЙ
B0036,143,discharge,1.750725029920349,0.8817583700641246,ЗЕЛЕНЫЙ
B0036,145,discharge,1.7433053490810113,0.8780214236153794,ЗЕЛЕНЫЙ
B0036,147,discharge,1.7336625052776187,0.8731647738905226,ЗЕЛЕНЫЙ
B0036,149,discharge,1.7319207051538927,0.8722875105785656,ЗЕЛЕНЫЙ
B0036,153,discharge,1.7428604522751463,0.8777973498883909,ЗЕЛЕНЫЙ
B0036,155,discharge,1.743306971099712,0.878022240550387,ЗЕЛЕНЫЙ
B0036,157,discharge,1.738524506272696,0.8756135365456522,ЗЕЛЕНЫЙ
B0036,159,discharge,1.7295622663746972,0.8710996751970528,ЗЕЛЕНЫЙ
B0036,161,discharge,1.7273036765742085,0.8699621290792521,ЗЕЛЕНЫЙ
B0036,165,discharge,1.7449370491071912,0.8788432346541941,ЗЕЛЕНЫЙ
B0036,169,discharge,1.7642432071133693,0.8885668440873115,ЗЕЛЕНЫЙ
B0036,171,discharge,1.7504882032049596,0.8816390915166769,ЗЕЛЕНЫЙ
B0036,173,discharge,1.7442710815479923,0.878507817921424,ЗЕЛЕНЫЙ
B0036,175,discharge,1.7365413923373951,0.874614734745622,ЗЕЛЕНЫЙ
B0036,177,discharge,1.733223093105756,0.8729434625173337,ЗЕЛЕНЫЙ
B0036,181,discharge,1.73860622908762,0.8756546965078695,ЗЕЛЕНЫЙ
B0036,183,discharge,1.7432134953746192,0.8779751611966394,ЗЕЛЕНЫЙ
B0036,185,discharge,1.7332698214832971,0.8729669974170536,ЗЕЛЕНЫЙ
B0036,187,discharge,1.7298906291663272,0.8712650561877789,ЗЕЛЕНЫЙ
B0036,189,discharge,1.7204403348841348,0.8665053846571381,ЗЕЛЕНЫЙ
B0036,193,discharge,1.724420729012913,0.8685101231393222,ЗЕЛЕНЫЙ
B0036,195,discharge,1.7214872814061166,0.8670326826868058,ЗЕЛЕНЫЙ
B0036,197,discharge,1.7197448773569262,0.8661551152058192,ЗЕЛЕНЫЙ
B0036,199,discharge,1.7164304142145894,0.8644857750364168,ЗЕЛЕНЫЙ
B0036,201,discharge,1.7112029253299619,0.8618529332139363,ЗЕЛЕНЫЙ
B0036,205,discharge,1.7102343231599222,0.8613650935725886,ЗЕЛЕНЫЙ
B0036,207,discharge,1.713096882151029,0.8628068307426602,ЗЕЛЕНЫЙ
B0036,209,discharge,1.7103708617208135,0.861433861664005,ЗЕЛЕНЫЙ
B0036,211,discharge,1.7064617296121434,0.8594650145306187,ЗЕЛЕНЫЙ
B0036,213,discharge,1.7029429979110946,0.8576927938355442,ЗЕЛЕНЫЙ
B0036,217,discharge,1.7072612643840062,0.8598677028255814,ЗЕЛЕНЫЙ
B0036,219,discharge,1.7038637196766078,0.8581565183550243,ЗЕЛЕНЫЙ
B0036,221,discharge,1.7079617948422274,0.8602205272751465,ЗЕЛЕНЫЙ
B0036,223,discharge,1.7113022833627787,0.8619029752111501,ЗЕЛЕНЫЙ
B0036,225,discharge,1.714122057472244,0.8633231636360704,ЗЕЛЕНЫЙ
B0036,229,discharge,1.7053324925701605,0.8588962706122204,ЗЕЛЕНЫЙ
B0036,231,discharge,1.6934609472531408,0.8529171281027003,ЗЕЛЕНЫЙ
B0036,233,discharge,1.6905244127230223,0.8514381329111869,ЗЕЛЕНЫЙ
B0036,235,discharge,1.7007774858498304,0.8566021266246108,ЗЕЛЕНЫЙ
B0036,237,discharge,1.6971104467944576,0.854755210446932,ЗЕЛЕНЫЙ
B0036,241,discharge,1.6997924522951837,0.8561060112628265,ЗЕЛЕНЫЙ
B0036,243,discharge,1.6912704773954121,0.8518138908161954,ЗЕЛЕНЫЙ
B0036,245,discharge,1.6857127009469863,0.8490146985852101,ЖЕЛТЫЙ
B0036,247,discharge,1.6832093771286156,0.8477538913812771,ЖЕЛТЫЙ
B0036,249,discharge,1.692886364169521,0.8526277374590411,ЗЕЛЕНЫЙ
B0036,253,discharge,1.6984668174144633,0.8554383509325362,ЗЕЛЕНЫЙ
B0036,255,discharge,1.6935813413828429,0.8529777649987046,ЗЕЛЕНЫЙ
B0036,257,discharge,1.6830951253781283,0.8476963481145934,ЖЕЛТЫЙ
B0036,259,discharge,1.6850462226942986,0.848679024639999,ЖЕЛТЫЙ
B0036,261,discharge,1.6803098840017598,0.8462935522133012,ЖЕЛТЫЙ
B0036,265,discharge,1.6944038437227715,0.8533920209842161,ЗЕЛЕНЫЙ
B0036,267,discharge,1.6955686127180103,0.8539786606867339,ЗЕЛЕНЫЙ
B0036,269,discharge,1.6841854728350405,0.8482455051666601,ЖЕЛТЫЙ
B0036,271,discharge,1.6722180144870118,0.84221805574632,ЖЕЛТЫЙ
B0036,273,discharge,1.6675976965747183,0.8398910175639122,ЖЕЛТЫЙ
B0036,277,discharge,1.6781873787039017,0.8452245454989932,ЖЕЛТЫЙ
B0036,279,discharge,1.6788844890230439,0.8455756473843588,ЖЕЛТЫЙ
B0036,283,discharge,1.679581599342186,0.8459267492697243,ЖЕЛТЫЙ
B0036,285,discharge,1.6802787096613283,0.8462778511550899,ЖЕЛТЫЙ
B0036,287,discharge,1.673147301023026,0.8426860939403908,ЖЕЛТЫЙ
B0036,289,discharge,1.6704292090032429,0.8413171180315028,ЖЕЛТЫЙ
B0036,291,discharge,1.6659903350115992,0.8390814646713805,ЖЕЛТЫЙ
B0036,295,discharge,1.664241575272447,0.8382006961264201,ЖЕЛТЫЙ
B0036,297,discharge,1.6668450767774965,0.839511958148907,ЖЕЛТЫЙ
B0036,299,discharge,1.6594501560667536,0.835787482219666,ЖЕЛТЫЙ
B0036,301,discharge,1.662412523067319,0.8372794880191542,ЖЕЛТЫЙ
B0036,303,discharge,1.6603526083225701,0.8362420052410143,ЖЕЛТЫЙ
B0036,307,discharge,1.6610231379633236,0.8365797196810354,ЖЕЛТЫЙ
B0036,309,discharge,1.6575187557321613,0.8348147261432599,ЖЕЛТЫЙ
B0036,311,discharge,1.6507877959674548,0.8314246563095266,ЖЕЛТЫЙ
B0036,313,discharge,1.6532570062110141,0.8326682821002686,ЖЕЛТЫЙ
B0036,315,discharge,1.6494214846772686,0.8307365091729716,ЖЕЛТЫЙ
B0036,319,discharge,1.6678591915666705,0.8400227203692888,ЖЕЛТЫЙ
B0036,321,discharge,1.670862764324967,0.8415354795830214,ЖЕЛТЫЙ
B0036,323,discharge,1.6658118164053368,0.8389915531932249,ЖЕЛТЫЙ
B0036,325,discharge,1.6532998517617,0.8326898614015817,ЖЕЛТЫЙ
B0036,327,discharge,1.6468787023528522,0.8294558285638028,ЖЕЛТЫЙ
B0036,331,discharge,1.6718953249703756,0.8420555321190438,ЖЕЛТЫЙ
B0036,335,discharge,1.6807743463585727,0.8465274801938237,ЖЕЛТЫЙ
B0036,337,discharge,1.6737717086703074,0.8430005788880056,ЖЕЛТЫЙ
B0036,339,discharge,1.6605773762487392,0.8363552103399502,ЖЕЛТЫЙ
B0036,341,discharge,1.655987781146086,0.834043645800798,ЖЕЛТЫЙ
B0036,343,discharge,1.6468623183898439,0.8294475767274091,ЖЕЛТЫЙ
B0036,347,discharge,1.6574621175432847,0.8347862001347469,ЖЕЛТЫЙ
B0036,349,discharge,1.6603991175216894,0.8362654297508074,ЖЕЛТЫЙ
B0036,351,discharge,1.6460789092837111,0.8290530101765736,ЖЕЛТЫЙ
B0036,353,discharge,1.6408366462659327,0.8264127273137565,ЖЕЛТЫЙ
B0036,355,discharge,1.6344408920281601,0.8231914848366979,ЖЕЛТЫЙ
B0036,359,discharge,1.6374039186504212,0.8246838228568041,ЖЕЛТЫЙ
B0036,361,discharge,1.64738207540524,0.8297093540430313,ЖЕЛТЫЙ
B0036,363,discharge,1.6545646441622355,0.8333268782183325,ЖЕЛТЫЙ
B0036,365,discharge,1.640896560729935,0.8264429034289197,ЖЕЛТЫЙ
B0036,367,discharge,1.6265229979339635,0.8192036116575746,ЖЕЛТЫЙ
B0036,371,discharge,1.6217349144630457,0.8167920778045175,ЖЕЛТЫЙ
B0036,373,discharge,1.6248200059639546,0.8183458941987823,ЖЕЛТЫЙ
B0036,375,discharge,1.61880119736137,0.8153145016200264,ЖЕЛТЫЙ
B0036,377,discharge,1.6137350490334217,0.8127629194950149,ЖЕЛТЫЙ
B0036,379,discharge,1.612012823654141,0.8118955150669268,ЖЕЛТЫЙ
B0036,383,discharge,1.6671032556887178,0.8396419907994106,ЖЕЛТЫЙ
B0036,387,discharge,1.6850133383886254,0.8486624623522179,ЖЕЛТЫЙ
B0036,389,discharge,1.6786654987614698,0.8454653522250359,ЖЕЛТЫЙ
B0036,391,discharge,1.6729763502191373,0.8425999940105778,ЖЕЛТЫЙ
B0036,393,discharge,1.666489034299654,0.8393326361939623,ЖЕЛТЫЙ
B0036,395,discharge,1.6698420840710908,0.841021410644934,ЖЕЛТЫЙ
B0036,399,discharge,1.6746744228027035,0.8434552338043472,ЖЕЛТЫЙ
B0036,401,discharge,1.6665045335145643,0.8393404424240916,ЖЕЛТЫЙ
B0036,403,discharge,1.6522220848347273,0.8321470405744416,ЖЕЛТЫЙ
B0036,405,discharge,1.6462718275099526,0.8291501740702858,ЖЕЛТЫЙ
B0036,407,discharge,1.642399234692521,0.8271997300700786,ЖЕЛТЫЙ
B0036,411,discharge,1.651178607099992,0.8316214896107815,ЖЕЛТЫЙ
B0036,413,discharge,1.6481683120281931,0.8301053446819333,ЖЕЛТЫЙ
B0036,415,discharge,1.6478887725428397,0.8299645537086158,ЖЕЛТЫЙ
B0036,417,discharge,1.635843650915682,0.8238979889244988,ЖЕЛТЫЙ
B0036,419,discharge,1.6332362811945516,0.8225847786623693,ЖЕЛТЫЙ
B0036,423,discharge,1.629926467682987,0.8209177802946667,ЖЕЛТЫЙ
B0036,425,discharge,1.6387862629287224,0.8253800450601033,ЖЕЛТЫЙ
B0036,427,discharge,1.6359654863840773,0.823959351755436,ЖЕЛТЫЙ
B0036,429,discharge,1.631137043967566,0.8215274909878286,ЖЕЛТЫЙ
B0036,431,discharge,1.6220189720888463,0.8169351443540038,ЖЕЛТЫЙ
B0036,435,discharge,1.6416044978422155,0.8267994582639532,ЖЕЛТЫЙ
B0036,439,discharge,1.6253090231457805,0.8185921892969907,ЖЕЛТЫЙ
B0036,441,discharge,1.6196134522239483,0.8157235964301555,ЖЕЛТЫЙ
B0036,443,discharge,1.6124236174774371,0.8121024127155418,ЖЕЛТЫЙ
B0036,445,discharge,1.6077701029913394,0.8097586549704904,ЖЕЛТЫЙ
B0036,447,discharge,1.6088077531981582,0.8102812708807129,ЖЕЛТЫЙ
B0036,451,discharge,1.6083556258734268,0.8100535554793202,ЖЕЛТЫЙ
B0036,453,discharge,1.6068202519011539,0.8092802593716545,ЖЕЛТЫЙ
B0036,455,discharge,1.601770977206713,0.8067371757071805,ЖЕЛТЫЙ
B0036,457,discharge,1.594911734692208,0.8032824958482082,ЖЕЛТЫЙ
B0036,459,discharge,1.5938139125387372,0.8027295741408463,ЖЕЛТЫЙ
B0036,463,discharge,1.5920273129504596,0.8018297474324863,ЖЕЛТЫЙ
B0036,465,discharge,1.5847361549778751,0.7981575319446671,ЖЕЛТЫЙ
B0036,467,discharge,1.5763429363936798,0.7939302600362232,ЖЕЛТЫЙ
B0036,469,discharge,1.5720229174642286,0.7917544684157353,ЖЕЛТЫЙ
B0036,471,discharge,1.5729874285512353,0.7922402475697733,ЖЕЛТЫЙ
B0036,475,discharge,1.596985400389019,0.8043269043381931,ЖЕЛТЫЙ
B0036,477,discharge,1.595726023703856,0.8036926151641494,ЖЕЛТЫЙ
B0036,479,discharge,1.579500338340559,0.7955204958223902,ЖЕЛТЫЙ
B0036,481,discharge,1.5629469877520186,0.7871833468214899,ЖЕЛТЫЙ
B0036,483,discharge,1.5591129431541175,0.785252317757747,ЖЕЛТЫЙ
B0038,1,discharge,0.8980573709676724,0.5027074994360512,КРАСНЫЙ
B0038,5,discharge,1.1026236331914077,0.6172179945068337,ОРАНЖЕВЫЙ
B0038,7,discharge,1.0885801879473431,0.6093568650619478,ОРАНЖЕВЫЙ
B0038,9,discharge,1.0613249847591086,0.5941001615546703,КРАСНЫЙ
B0038,11,discharge,1.0347062057983545,0.5791997106013165,КРАСНЫЙ
B0038,13,discharge,1.0269978594353013,0.574884793035658,КРАСНЫЙ
B0038,17,discharge,1.0785019710989419,0.6037153600151433,ОРАНЖЕВЫЙ
B0038,21,discharge,1.0638897478802845,0.5955358445043051,КРАСНЫЙ
B0038,23,discharge,1.0366551223324423,0.580290659786896,КРАСНЫЙ
B0038,25,discharge,1.030941327482094,0.5770922365966112,КРАСНЫЙ
B0038,27,discharge,1.0140084541034655,0.5676136857716617,КРАСНЫЙ
B0038,29,discharge,1.008516095994519,0.5645392167007373,КРАСНЫЙ
B0038,33,discharge,1.394128977851476,0.7803945660975837,ЖЕЛТЫЙ
B0038,37,discharge,1.779741859708433,0.9962499154944301,ЗЕЛЕНЫЙ
B0038,39,discharge,1.7815666306452766,0.9972713714329476,ЗЕЛЕНЫЙ
B0038,41,discharge,1.7834859577156017,0.9983457572609747,ЗЕЛЕНЫЙ
B0038,43,discharge,1.7864411650415675,1.0,ЗЕЛЕНЫЙ
B0038,45,discharge,1.7859997608067948,0.9997529142053988,ЗЕЛЕНЫЙ
B0038,49,discharge,1.7769523773001608,0.9946884409477958,ЗЕЛЕНЫЙ
B0038,53,discharge,1.781428917321899,0.9971942833507467,ЗЕЛЕНЫЙ
B0038,55,discharge,1.7859452772697197,0.9997224158390706,ЗЕЛЕНЫЙ
B0038,57,discharge,1.785208429691551,0.9993099490908854,ЗЕЛЕНЫЙ
B0038,59,discharge,1.783596609584544,0.9984076970948229,ЗЕЛЕНЫЙ
B0038,61,discharge,1.7796783152744713,0.9962143450904307,ЗЕЛЕНЫЙ
B0038,65,discharge,1.7841102592788645,0.9986952238851657,ЗЕЛЕНЫЙ
B0038,67,discharge,1.7833032331592193,0.9982434731443982,ЗЕЛЕНЫЙ
B0038,69,discharge,1.7796186141356956,0.9961809260560153,ЗЕЛЕНЫЙ
B0038,71,discharge,1.7816592334352586,0.9973232078951799,ЗЕЛЕНЫЙ
B0038,73,discharge,1.7775911304124035,0.9950459971465346,ЗЕЛЕНЫЙ
B0038,77,discharge,1.777701881971679,0.9951079927842543,ЗЕЛЕНЫЙ
B0038,79,discharge,1.7789547618270618,0.9958093200263153,ЗЕЛЕНЫЙ
B0038,81,discharge,1.7807753731135043,0.9968284475084119,ЗЕЛЕНЫЙ
B0038,83,discharge,1.778415319026661,0.9955073549736972,ЗЕЛЕНЫЙ
B0038,85,discharge,1.7789773899108463,0.9958219865972762,ЗЕЛЕНЫЙ
B0038,89,discharge,1.7792479347236045,0.9959734300469977,ЗЕЛЕНЫЙ
B0038,91,discharge,1.7779204573685081,0.9952303452026302,ЗЕЛЕНЫЙ
B0038,93,discharge,1.779227040224144,0.9959617338882494,ЗЕЛЕНЫЙ
B0038,95,discharge,1.7760634320079352,0.994190834136208,ЗЕЛЕНЫЙ
B0038,97,discharge,1.775103937963957,0.9936537360986379,ЗЕЛЕНЫЙ
B0038,101,discharge,1.733064100138742,0.9701210059713421,ЗЕЛЕНЫЙ
B0038,105,discharge,1.7394892806215223,0.9737176430218721,ЗЕЛЕНЫЙ
B0038,107,discharge,1.7378064360392924,0.9727756335030807,ЗЕЛЕНЫЙ
B0038,109,discharge,1.730028145799833,0.9684215633038092,ЗЕЛЕНЫЙ
B0038,111,discharge,1.7290404566542985,0.9678686824338079,ЗЕЛЕНЫЙ
B0038,113,discharge,1.7286072907068815,0.9676262082029775,ЗЕЛЕНЫЙ
B0038,117,discharge,1.52573884649634,0.854066104360531,ЗЕЛЕНЫЙ
B0038,121,discharge,1.5301475534434217,0.8565339756978886,ЗЕЛЕНЫЙ
B0039,1,discharge,0.11903831859341765,0.0671935880405756,КРАСНЫЙ
B0039,5,discharge,0.20706332306024203,0.11688108327154977,КРАСНЫЙ
B0039,7,discharge,0.2950883275270664,0.16656857850252393,КРАСНЫЙ
B0039,9,discharge,0.38311333199389075,0.2162560737334981,КРАСНЫЙ
B0039,11,discharge,0.4711383364607152,0.2659435689644723,КРАСНЫЙ
B0039,13,discharge,0.4668172561120673,0.263504447711181,КРАСНЫЙ
B0039,17,discharge,0.4699932676625547,0.26529721170732296,КРАСНЫЙ
B0039,21,discharge,0.4627052684317185,0.2611833530461513,КРАСНЫЙ
B0039,23,discharge,0.46049447826560974,0.2599354277946779,КРАСНЫЙ
B0039,25,discharge,0.4412227248835694,0.24905709657433087,КРАСНЫЙ
B0039,27,discharge,0.44354421943965844,0.2503675111591762,КРАСНЫЙ
B0039,29,discharge,0.4126655541164234,0.2329374235916676,КРАСНЫЙ
B0039,33,discharge,1.0910953137834798,0.6158908315714711,ОРАНЖЕВЫЙ
B0039,37,discharge,1.7695250734505363,0.9988442395512747,ЗЕЛЕНЫЙ
B0039,39,discharge,1.7715391419501945,0.9999811212768454,ЗЕЛЕНЫЙ
B0039,41,discharge,1.770625483958279,0.9994653885325983,ЗЕЛЕНЫЙ
B0039,43,discharge,1.7704040639447296,0.9993404035248279,ЗЕЛЕНЫЙ
B0039,45,discharge,1.7695081788801759,0.9988347030691205,ЗЕЛЕНЫЙ
B0039,49,discharge,1.7638356274269416,0.9956327165996252,ЗЕЛЕНЫЙ
B0039,53,discharge,1.7715725869786123,1.0,ЗЕЛЕНЫЙ
B0039,55,discharge,1.7701196454489683,0.9991798577488027,ЗЕЛЕНЫЙ
B0039,57,discharge,1.7667569752860521,0.9972817305212579,ЗЕЛЕНЫЙ
B0039,59,discharge,1.7648743629092642,0.9962190518646646,ЗЕЛЕНЫЙ
B0039,61,discharge,1.763838685943225,0.9956344430410399,ЗЕЛЕНЫЙ
B0039,65,discharge,1.7657225752056789,0.9966978424615891,ЗЕЛЕНЫЙ
B0039,67,discharge,1.7645632809383045,0.9960434553504454,ЗЕЛЕНЫЙ
B0039,69,discharge,1.7608991948479125,0.9939751878025482,ЗЕЛЕНЫЙ
B0039,71,discharge,1.7598362095817717,0.9933751642562629,ЗЕЛЕНЫЙ
B0039,73,discharge,1.7590955400143164,0.992957078329161,ЗЕЛЕНЫЙ
B0039,77,discharge,1.7560495443976523,0.9912377044581423,ЗЕЛЕНЫЙ
B0039,79,discharge,1.7571677199949287,0.9918688813037851,ЗЕЛЕНЫЙ
B0039,81,discharge,1.7558911269459976,0.9911482825214861,ЗЕЛЕНЫЙ
B0039,83,discharge,1.7533419072229914,0.9897093238574475,ЗЕЛЕНЫЙ
B0039,85,discharge,1.7506673845335168,0.9881996353980905,ЗЕЛЕНЫЙ
B0039,89,discharge,1.7510006664162403,0.9883877631017891,ЗЕЛЕНЫЙ
B0039,91,discharge,1.7496058853847873,0.9876004507208542,ЗЕЛЕНЫЙ
B0039,93,discharge,1.7477359172183355,0.9865449093446801,ЗЕЛЕНЫЙ
B0039,95,discharge,1.7444225468099093,0.9846746103612909,ЗЕЛЕНЫЙ
B0039,97,discharge,1.743308366083936,0.9840456885016038,ЗЕЛЕНЫЙ
B0039,101,discharge,1.6556691733888471,0.9345759725332866,ЗЕЛЕНЫЙ
B0039,105,discharge,1.64297669457593,0.9274114459955601,ЗЕЛЕНЫЙ
B0039,107,discharge,1.6343822729361266,0.9225601507661272,ЗЕЛЕНЫЙ
B0039,109,discharge,1.6265067062165601,0.9181146277446867,ЗЕЛЕНЫЙ
B0039,111,discharge,1.618865991735961,0.9138016718224964,ЗЕЛЕНЫЙ
B0039,113,discharge,1.6114968339209264,0.9096420015559777,ЗЕЛЕНЫЙ
B0039,117,discharge,1.3240805773461226,0.7474040787706702,ЖЕЛТЫЙ
B0039,121,discharge,1.3153386221697692,0.7424695052507317,ЖЕЛТЫЙ
B0040,1,discharge,0.6734628137095633,0.3883578242781517,КРАСНЫЙ
B0040,5,discharge,0.7913062105760345,0.45631318021016637,КРАСНЫЙ
B0040,7,discharge,0.7865824034601745,0.4535891583095063,КРАСНЫЙ
B0040,9,discharge,0.7795871426061582,0.449555284084796,КРАСНЫЙ
B0040,11,discharge,0.7628241523125163,0.43988876901327184,КРАСНЫЙ
B0040,13,discharge,0.7405021514606399,0.4270166051641357,КРАСНЫЙ
B0040,17,discharge,0.7783970881100656,0.44886902945355767,КРАСНЫЙ
B0040,21,discharge,0.7733165409025605,0.4459392904694836,КРАСНЫЙ
B0040,23,discharge,0.7589575236409498,0.437659046053648,КРАСНЫЙ
B0040,25,discharge,0.7407399462256391,0.427153731454823,КРАСНЫЙ
B0040,27,discharge,0.7446218752617147,0.42939227749443054,КРАСНЫЙ
B0040,29,discharge,0.7149875629820736,0.4123034096213723,КРАСНЫЙ
B0040,33,discharge,1.2229342112051333,0.7052149871243871,ЖЕЛТЫЙ
B0040,37,discharge,1.730880859428193,0.9981265646274019,ЗЕЛЕНЫЙ
B0040,39,discharge,1.7328212845233328,0.999245526584592,ЗЕЛЕНЫЙ
B0040,41,discharge,1.7317734323431513,0.9986412740786238,ЗЕЛЕНЫЙ
B0040,43,discharge,1.7341296392350067,1.0,ЗЕЛЕНЫЙ
B0040,45,discharge,1.7334756929990074,0.9996228965694354,ЗЕЛЕНЫЙ
B0040,49,discharge,1.7243057179457875,0.9943349556648181,ЗЕЛЕНЫЙ
B0040,53,discharge,1.7318975861687205,0.9987128683947349,ЗЕЛЕНЫЙ
B0040,55,discharge,1.7333691208377457,0.9995614408634429,ЗЕЛЕНЫЙ
B0040,57,discharge,1.732175650153278,0.9988732162593157,ЗЕЛЕНЫЙ
B0040,59,discharge,1.7334832776102866,0.9996272702973895,ЗЕЛЕНЫЙ
B0040,61,discharge,1.732372495746513,0.9989867288761244,ЗЕЛЕНЫЙ
B0040,65,discharge,1.7338175297202416,0.9998200195027502,ЗЕЛЕНЫЙ
B0040,67,discharge,1.7329630786357868,0.9993272933160092,ЗЕЛЕНЫЙ
B0040,69,discharge,1.7318839084573339,0.9987049810309087,ЗЕЛЕНЫЙ
B0040,71,discharge,1.7306960059812662,0.9980199673795696,ЗЕЛЕНЫЙ
B0040,73,discharge,1.7296011601947467,0.9973886156272275,ЗЕЛЕНЫЙ
B0040,77,discharge,1.7296187381064656,0.9973987520733854,ЗЕЛЕНЫЙ
B0040,79,discharge,1.7307198617163877,0.9980337239837944,ЗЕЛЕНЫЙ
B0040,81,discharge,1.729274556175907,0.9972002767559861,ЗЕЛЕНЫЙ
B0040,83,discharge,1.7297962212599596,0.9975010991813975,ЗЕЛЕНЫЙ
B0040,85,discharge,1.7268942069037494,0.9958276289341037,ЗЕЛЕНЫЙ
B0040,89,discharge,1.7272191689306016,0.9960150209372733,ЗЕЛЕНЫЙ
B0040,91,discharge,1.7285674981160106,0.996792545958992,ЗЕЛЕНЫЙ
B0040,93,discharge,1.726636381605547,0.9956789518730761,ЗЕЛЕНЫЙ
B0040,95,discharge,1.7262424141835067,0.9954517673459642,ЗЕЛЕНЫЙ
B0040,97,discharge,1.7252725927602899,0.9948925119124173,ЗЕЛЕНЫЙ
B0040,101,discharge,1.6668026877455053,0.96117536430598,ЗЕЛЕНЫЙ
B0040,105,discharge,1.666754853762041,0.9611477804492821,ЗЕЛЕНЫЙ
B0040,107,discharge,1.6583274448761054,0.9562880463813878,ЗЕЛЕНЫЙ
B0040,109,discharge,1.65032263550715,0.9516720077716755,ЗЕЛЕНЫЙ
B0040,111,discharge,1.6493406341242296,0.951105728665026,ЗЕЛЕНЫЙ
B0040,113,discharge,1.641919055037739,0.9468260145545142,ЗЕЛЕНЫЙ
B0040,117,discharge,1.0994546597056982,0.6340094966548817,ОРАНЖЕВЫЙ
B0040,121,discharge,0.5569902643736575,0.3211929787552492,КРАСНЫЙ
B0041,1,discharge,0.055620243768194036,0.048464818818638435,КРАСНЫЙ
B0041,4,discharge,0.05569747261227687,0.04853211233773279,КРАСНЫЙ
B0041,6,discharge,0.05583901629185397,0.048655446726812726,КРАСНЫЙ
B0041,8,discharge,0.056148059974053,0.048924732602783405,КРАСНЫЙ
B0041,10,discharge,0.05647053159913906,0.04920571894561718,КРАСНЫЙ
B0041,12,discharge,0.044092291840801906,0.038419913157320185,КРАСНЫЙ
B0041,16,discharge,0.05677191308141789,0.0494683283472374,КРАСНЫЙ
B0041,18,discharge,0.056938376500757296,0.04961337660505947,КРАСНЫЙ
B0041,20,discharge,0.04440148411312257,0.038689328507612364,КРАСНЫЙ
B0041,22,discharge,0.04463435818491618,0.038892243830027574,КРАСНЫЙ
B0041,24,discharge,0.04479872243657484,0.03903546297358432,КРАСНЫЙ
B0041,28,discharge,0.04670898780785478,0.04069997680600198,КРАСНЫЙ
B0041,30,discharge,0.04495371533089529,0.03917051636480502,КРАСНЫЙ
B0041,32,discharge,0.045219329019542696,0.03940195942265455,КРАСНЫЙ
B0041,34,discharge,0.04540222414694979,0.03956132548457867,КРАСНЫЙ
B0041,36,discharge,0.04567901224974174,0.03980250539218341,КРАСНЫЙ
B0041,40,discharge,0.04552080257033988,0.0396646490483759,КРАСНЫЙ
B0041,42,discharge,0.045728541460242564,0.03984566277608768,КРАСНЫЙ
B0041,44,discharge,0.045860512192502,0.039960655756970186,КРАСНЫЙ
B0041,46,discharge,0.045983556030275076,0.04006787026917684,КРАСНЫЙ
B0041,48,discharge,0.04612876296673401,0.040194396645005424,КРАСНЫЙ
B0041,52,discharge,0.0463714545530443,0.040405866479771985,КРАСНЫЙ
B0041,56,discharge,0.04642385425314327,0.040451525070950255,КРАСНЫЙ
B0041,58,discharge,0.046579469530564604,0.04058712077702212,КРАСНЫЙ
B0041,60,discharge,0.04672600894839656,0.04071480821335579,КРАСНЫЙ
B0041,62,discharge,0.046863472432443716,0.04083458731530093,КРАСНЫЙ
B0041,64,discharge,0.047123070484888584,0.04106078863563039,КРАСНЫЙ
B0041,68,discharge,0.047089685801538064,0.04103169882011926,КРАСНЫЙ
B0041,70,discharge,0.04716816990682447,0.041100086113758275,КРАСНЫЙ
B0041,72,discharge,0.047416623395846624,0.04131657659482306,КРАСНЫЙ
B0041,74,discharge,0.04747365818614322,0.04136627398179612,КРАСНЫЙ
B0041,76,discharge,0.04767107168829607,0.04153829066072448,КРАСНЫЙ
B0041,80,discharge,0.04775614866793622,0.041612422669585876,КРАСНЫЙ
B0041,82,discharge,0.04783369052905227,0.04167998893674414,КРАСНЫЙ
B0041,84,discharge,0.047922817158937946,0.041757649617041176,КРАСНЫЙ
B0041,86,discharge,0.048108024971614455,0.04191903084223991,КРАСНЫЙ
B0041,88,discharge,0.04808782735825877,0.04190143160848013,КРАСНЫЙ
B0041,92,discharge,0.04842261926326617,0.04219315325367381,КРАСНЫЙ
B0041,94,discharge,0.04798649525462829,0.0418131356624316,КРАСНЫЙ
B0041,96,discharge,0.04822175200495124,0.04201812713689873,КРАСНЫЙ
B0041,98,discharge,0.04787731566765343,0.04171800179492316,КРАСНЫЙ
B0041,100,discharge,0.04829032055579415,0.042077874490885674,КРАСНЫЙ
B0041,104,discharge,0.5979659763252254,0.5210389372454429,КРАСНЫЙ
B0041,108,discharge,1.1476416320946565,1.0,ЗЕЛЕНЫЙ
B0041,110,discharge,1.1194574527298193,0.975441654801773,ЗЕЛЕНЫЙ
B0041,112,discharge,1.0841325641850128,0.9446612373291756,ЗЕЛЕНЫЙ
B0041,114,discharge,1.0607784232892656,0.9243115565206104,ЗЕЛЕНЫЙ
B0041,116,discharge,1.0170312865626592,0.8861923950130587,ЗЕЛЕНЫЙ
B0041,120,discharge,1.0000374999808574,0.8713848225910082,ЗЕЛЕНЫЙ
B0041,122,discharge,0.991506494786248,0.8639513128994516,ЗЕЛЕНЫЙ
B0041,124,discharge,0.9655644425371017,0.8413466499771095,ЖЕЛТЫЙ
B0041,126,discharge,0.9383311962439673,0.8176169023524711,ЖЕЛТЫЙ
B0041,128,discharge,0.9298903389240268,0.810261943205046,ЖЕЛТЫЙ
B0041,132,discharge,0.9072117399448598,0.7905008972958152,ЖЕЛТЫЙ
B0041,134,discharge,0.9176870676937323,0.7996285966192992,ЖЕЛТЫЙ
B0041,136,discharge,0.9157430721963028,0.7979346919690459,ЖЕЛТЫЙ
B0041,138,discharge,0.9111662690050432,0.793946684682393,ЖЕЛТЫЙ
B0041,140,discharge,0.8968901443572698,0.7815071528211126,ЖЕЛТЫЙ
B0041,144,discharge,0.8862133472800153,0.772203902765808,ЖЕЛТЫЙ
B0041,146,discharge,0.8931124136187014,0.7782154190316427,ЖЕЛТЫЙ
B0041,148,discharge,0.880898507091054,0.7675728053567146,ЖЕЛТЫЙ
B0041,150,discharge,0.8798879382023741,0.7666922439859708,ЖЕЛТЫЙ
B0041,152,discharge,0.8682347537115443,0.7565382166616391,ЖЕЛТЫЙ
B0041,156,discharge,0.8443569490395516,0.7357322402973874,ЖЕЛТЫЙ
B0041,158,discharge,0.8657093203148538,0.7543376748495744,ЖЕЛТЫЙ
B0041,160,discharge,0.848696904019178,0.7395138693863436,ЖЕЛТЫЙ
B0041,162,discharge,0.8364948433646345,0.7288815776383765,ЖЕЛТЫЙ
B0042,3,discharge,1.7287126633755356,0.998407154724496,ЗЕЛЕНЫЙ
B0042,5,discharge,1.7314706281853145,1.0,ЗЕЛЕНЫЙ
B0042,7,discharge,1.7282350363146088,0.9981313042115553,ЗЕЛЕНЫЙ
B0042,9,discharge,1.720344742291621,0.9935743143934506,ЗЕЛЕНЫЙ
B0042,11,discharge,1.7221734367707637,0.9946304654186974,ЗЕЛЕНЫЙ
B0042,15,discharge,1.7154215070513543,0.9907309307633011,ЗЕЛЕНЫЙ
B0042,17,discharge,1.708669577331945,0.9868313961079048,ЗЕЛЕНЫЙ
B0042,19,discharge,1.7036476485918646,0.9839310126660306,ЗЕЛЕНЫЙ
B0042,21,discharge,1.6958375743577971,0.9794203532838077,ЗЕЛЕНЫЙ
B0042,23,discharge,1.6949064846676911,0.9788826082739014,ЗЕЛЕНЫЙ
B0042,27,discharge,1.6874768094352455,0.9745916459488676,ЗЕЛЕНЫЙ
B0042,29,discharge,1.685989172917945,0.973732470810067,ЗЕЛЕНЫЙ
B0042,31,discharge,1.6782864747774933,0.9692838258171543,ЗЕЛЕНЫЙ
B0042,33,discharge,1.6739647640901527,0.9667878489192557,ЗЕЛЕНЫЙ
B0042,35,discharge,1.6722378801237066,0.9657904979169717,ЗЕЛЕНЫЙ
B0042,39,discharge,1.6759897900491967,0.9679573899591557,ЗЕЛЕНЫЙ
B0042,41,discharge,1.6618247672847988,0.9597764699170734,ЗЕЛЕНЫЙ
B0042,43,discharge,1.6606710352566112,0.959110139221417,ЗЕЛЕНЫЙ
B0042,45,discharge,1.6530644874507203,0.9547170252510905,ЗЕЛЕНЫЙ
B0042,47,discharge,1.649953986270456,0.9529205748062312,ЗЕЛЕНЫЙ
B0042,51,discharge,1.681297805444492,0.9710230009541619,ЗЕЛЕНЫЙ
B0042,55,discharge,1.6700520424481298,0.964528081078941,ЗЕЛЕНЫЙ
B0042,57,discharge,1.667181860354792,0.9628704254152431,ЗЕЛЕНЫЙ
B0042,59,discharge,1.6568865613275168,0.9569244400432213,ЗЕЛЕНЫЙ
B0042,61,discharge,1.6449819446579936,0.9500490033619766,ЗЕЛЕНЫЙ
B0042,63,discharge,1.639214585000014,0.9467181009694687,ЗЕЛЕНЫЙ
B0042,67,discharge,1.6410599890208055,0.9477839024856779,ЗЕЛЕНЫЙ
B0042,69,discharge,1.6432696512198481,0.9490600790277879,ЗЕЛЕНЫЙ
B0042,71,discharge,1.6298673102402295,0.9413196410662932,ЗЕЛЕНЫЙ
B0042,73,discharge,1.6238536344658807,0.9378464803458879,ЗЕЛЕНЫЙ
B0042,75,discharge,1.6186308887044174,0.934830116293015,ЗЕЛЕНЫЙ
B0042,79,discharge,1.6193418112441196,0.9352407051462879,ЗЕЛЕНЫЙ
B0042,81,discharge,1.614593271326993,0.9324982157041751,ЗЕЛЕНЫЙ
B0042,83,discharge,1.6072040891927848,0.9282306399140201,ЗЕЛЕНЫЙ
B0042,85,discharge,1.6012663590062357,0.9248013410914508,ЗЕЛЕНЫЙ
B0042,87,discharge,1.5940407410631041,0.9206282307738335,ЗЕЛЕНЫЙ
B0042,91,discharge,1.5946888289374477,0.9210025298602827,ЗЕЛЕНЫЙ
B0042,93,discharge,1.5882100957302596,0.9172607781367909,ЗЕЛЕНЫЙ
B0042,95,discharge,1.587985558077698,0.9171310978240518,ЗЕЛЕНЫЙ
B0042,97,discharge,1.5799165406650344,0.9124708874333503,ЗЕЛЕНЫЙ
B0042,99,discharge,1.5655946193652834,0.9041993516263807,ЗЕЛЕНЫЙ
B0042,103,discharge,0.824881702333337,0.47640525279823126,КРАСНЫЙ
B0042,107,discharge,0.08416878530139071,0.04861115397008188,КРАСНЫЙ
B0042,109,discharge,0.08443785621465827,0.048766554188189856,КРАСНЫЙ
B0042,111,discharge,0.08478919060590338,0.0489694651619748,КРАСНЫЙ
B0042,113,discharge,0.09334258183442584,0.053909422611606465,КРАСНЫЙ
B0042,116,discharge,0.10603180131397782,0.06123800172406363,КРАСНЫЙ
B0042,118,discharge,0.106505866207118,0.061511794929344284,КРАСНЫЙ
B0042,120,discharge,0.09439111585512952,0.054514996857935205,КРАСНЫЙ
B0042,122,discharge,0.09450595927387112,0.05458132395403037,КРАСНЫЙ
B0042,124,discharge,0.08211456108215626,0.04742474965816617,КРАСНЫЙ
B0042,128,discharge,0.09518470631946747,0.0549733300525154,КРАСНЫЙ
B0042,130,discharge,0.09539129998659052,0.05509264692902492,КРАСНЫЙ
B0042,132,discharge,0.08289664565854568,0.047876437699336756,КРАСНЫЙ
B0042,134,discharge,0.08343199036452603,0.04818562267612231,КРАСНЫЙ
B0042,136,discharge,0.09624772156495698,0.05558726783938021,КРАСНЫЙ
B0042,140,discharge,0.0871279249656989,0.050320186520873424,КРАСНЫЙ
B0042,142,discharge,0.09681912182757578,0.0559172764767301,КРАСНЫЙ
B0042,144,discharge,0.08440054891345107,0.04874500759040188,КРАСНЫЙ
B0042,146,discharge,0.09770121716674529,0.056426725106588756,КРАСНЫЙ
B0042,148,discharge,0.08517426476572666,0.04919186232745653,КРАСНЫЙ
B0042,152,discharge,0.08471993544879124,0.04892946728041401,КРАСНЫЙ
B0042,154,discharge,0.08548836969893649,0.04937327166128914,КРАСНЫЙ
B0042,156,discharge,0.08577749933433501,0.04954025666853789,КРАСНЫЙ
B0042,158,discharge,0.08595553255245832,0.04964307863688389,КРАСНЫЙ
B0042,160,discharge,0.08614796979658328,0.04975421956009241,КРАСНЫЙ
B0042,164,discharge,0.08652450808993331,0.04997168688943699,КРАСНЫЙ
B0042,168,discharge,0.08676036428685732,0.050107904156472705,КРАСНЫЙ
B0042,170,discharge,0.08662025389371077,0.05002698427780667,КРАСНЫЙ
B0042,172,discharge,0.0869802394927499,0.05023489170238506,КРАСНЫЙ
B0042,174,discharge,0.07387787113473963,0.04266770104680788,КРАСНЫЙ
B0042,176,discharge,0.08775865702231889,0.05068446186366744,КРАСНЫЙ
B0042,180,discharge,0.08790576300272998,0.05076942199987563,КРАСНЫЙ
B0042,182,discharge,0.08808784882200178,0.05087458452259346,КРАСНЫЙ
B0042,184,discharge,0.08834250268158712,0.05102165826178373,КРАСНЫЙ
B0042,186,discharge,0.07463055332745072,0.043102407925722674,КРАСНЫЙ
B0042,188,discharge,0.07485698665122698,0.04323318307148046,КРАСНЫЙ
B0042,192,discharge,0.07527573643141765,0.04347502938026223,КРАСНЫЙ
B0042,194,discharge,0.07532351860488727,0.043502625674817746,КРАСНЫЙ
B0042,196,discharge,0.07553765302367196,0.04362629766514721,КРАСНЫЙ
B0042,198,discharge,0.07584285606128259,0.04380256576501703,КРАСНЫЙ
B0042,200,discharge,0.0759921803489148,0.043888807070645595,КРАСНЫЙ
B0042,204,discharge,0.07621652609591999,0.04401837654953437,КРАСНЫЙ
B0042,206,discharge,0.06216923141552526,0.035905449623873986,КРАСНЫЙ
B0042,208,discharge,0.0759822277461493,0.043883059007349866,КРАСНЫЙ
B0042,210,discharge,0.06227013548943564,0.03596372613880173,КРАСНЫЙ
B0042,212,discharge,0.06259446608798445,0.03615104124150649,КРАСНЫЙ
B0042,216,discharge,0.793598197506195,0.45833766082300437,КРАСНЫЙ
B0042,220,discharge,1.5246019289244055,0.8805242804045023,ЗЕЛЕНЫЙ
B0042,222,discharge,1.5215273965539478,0.8787486035201186,ЗЕЛЕНЫЙ
B0042,224,discharge,1.5155323631175952,0.875286209565082,ЗЕЛЕНЫЙ
B0042,226,discharge,1.5044249661534554,0.8688712021238174,ЗЕЛЕНЫЙ
B0042,228,discharge,1.5001507149498807,0.86640263515306,ЗЕЛЕНЫЙ
B0042,232,discharge,1.489011227320312,0.8599690939492779,ЗЕЛЕНЫЙ
B0042,234,discharge,1.4810149357562845,0.8553508859162557,ЗЕЛЕНЫЙ
B0042,236,discharge,1.476262027748574,0.8526058737108267,ЗЕЛЕНЫЙ
B0042,238,discharge,1.4662551025438961,0.8468264368311115,ЖЕЛТЫЙ
B0042,240,discharge,1.4593282593817019,0.842825882014046,ЖЕЛТЫЙ
B0042,244,discharge,1.445704157754381,0.8349573675815489,ЖЕЛТЫЙ
B0042,246,discharge,1.4400686089389023,0.8317025917142937,ЖЕЛТЫЙ
B0042,248,discharge,1.4290313659547842,0.8253281012641231,ЖЕЛТЫЙ
B0042,250,discharge,1.414172188151386,0.816746276333618,ЖЕЛТЫЙ
B0042,252,discharge,1.415603079129078,0.8175726784419758,ЖЕЛТЫЙ
B0042,256,discharge,1.3994410223300702,0.8082383839203606,ЖЕЛТЫЙ
B0042,258,discharge,1.3959635285794907,0.8062299792186164,ЖЕЛТЫЙ
B0042,260,discharge,1.3929784652630588,0.8045059746251567,ЖЕЛТЫЙ
B0042,262,discharge,1.3740772023800918,0.7935896688124635,ЖЕЛТЫЙ
B0042,264,discharge,1.3752493030002435,0.794266608173185,ЖЕЛТЫЙ
B0042,268,discharge,1.3671966130854505,0.7896158276264581,ЖЕЛТЫЙ
B0042,270,discharge,1.356887600783644,0.7836619222387525,ЖЕЛТЫЙ
B0042,272,discharge,1.3449320225969348,0.7767570530529325,ЖЕЛТЫЙ
B0042,274,discharge,1.3374691704584258,0.7724469296139167,ЖЕЛТЫЙ
B0043,3,discharge,1.713782642126885,1.0,ЗЕЛЕНЫЙ
B0043,5,discharge,1.6955681658647108,0.9893717698998462,ЗЕЛЕНЫЙ
B0043,7,discharge,1.6814906372051954,0.9811574676228406,ЗЕЛЕНЫЙ
B0043,9,discharge,1.6786372409532953,0.9794924978759427,ЗЕЛЕНЫЙ
B0043,11,discharge,1.6694168550864992,0.9741123606052365,ЗЕЛЕНЫЙ
B0043,15,discharge,1.6653053536044884,0.9717132807097206,ЗЕЛЕНЫЙ
B0043,17,discharge,1.6611938521224778,0.9693142008142048,ЗЕЛЕНЫЙ
B0043,19,discharge,1.6506423382064332,0.9631573442463558,ЗЕЛЕНЫЙ
B0043,21,discharge,1.6424273190907783,0.9583638430673149,ЗЕЛЕНЫЙ
B0043,23,discharge,1.6353664801041328,0.9542438112656842,ЗЕЛЕНЫЙ
B0043,27,discharge,1.633232875930849,0.9529988434845682,ЗЕЛЕНЫЙ
B0043,29,discharge,1.6258840554387932,0.9487107731590715,ЗЕЛЕНЫЙ
B0043,31,discharge,1.617976174654771,0.9440964885995031,ЗЕЛЕНЫЙ
B0043,33,discharge,1.6136652707273988,0.9415810564662764,ЗЕЛЕНЫЙ
B0043,35,discharge,1.605821026619692,0.9370039041980216,ЗЕЛЕНЫЙ
B0043,39,discharge,1.6033527961961531,0.935563680471356,ЗЕЛЕНЫЙ
B0043,41,discharge,1.5951342406182645,0.9307681157504477,ЗЕЛЕНЫЙ
B0043,43,discharge,1.5878135544728507,0.9264964619447302,ЗЕЛЕНЫЙ
B0043,45,discharge,1.5800601969084245,0.9219723423896367,ЗЕЛЕНЫЙ
B0043,47,discharge,1.575565087879128,0.919349425738014,ЗЕЛЕНЫЙ
B0043,51,discharge,1.5950169012164208,0.930699647673482,ЗЕЛЕНЫЙ
B0043,55,discharge,1.5898075522577595,0.927659968760527,ЗЕЛЕНЫЙ
B0043,57,discharge,1.5807953202097411,0.9224012901938952,ЗЕЛЕНЫЙ
B0043,59,discharge,1.5704333289187615,0.9163550209434843,ЗЕЛЕНЫЙ
B0043,61,discharge,1.5643368431897877,0.9127976936727356,ЗЕЛЕНЫЙ
B0043,63,discharge,1.558307017802491,0.9092792630158505,ЗЕЛЕНЫЙ
B0043,67,discharge,1.5537149289772467,0.9065997582103021,ЗЕЛЕНЫЙ
B0043,69,discharge,1.549528250585513,0.9041568122445653,ЗЕЛЕНЫЙ
B0043,71,discharge,1.5424430535161062,0.9000225673903791,ЗЕЛЕНЫЙ
B0043,73,discharge,1.54256227031715,0.9000921309383538,ЗЕЛЕНЫЙ
B0043,75,discharge,1.5309356452520158,0.8933079421040538,ЗЕЛЕНЫЙ
B0043,79,discharge,1.5247733176952427,0.889712195826028,ЗЕЛЕНЫЙ
B0043,81,discharge,1.5196742408779502,0.8867368612112695,ЗЕЛЕНЫЙ
B0043,83,discharge,1.5123696925788683,0.8824746239126021,ЗЕЛЕНЫЙ
B0043,85,discharge,1.499914486202397,0.8752069540982936,ЗЕЛЕНЫЙ
B0043,87,discharge,1.4924106271188253,0.8708284180464528,ЗЕЛЕНЫЙ
B0043,91,discharge,1.492624987952706,0.8709534985721924,ЗЕЛЕНЫЙ
B0043,93,discharge,1.4924024018806028,0.8708236185823782,ЗЕЛЕНЫЙ
B0043,95,discharge,1.4853020201751674,0.866680513423708,ЗЕЛЕНЫЙ
B0043,97,discharge,1.477208127101587,0.8619576898435045,ЗЕЛЕНЫЙ
B0043,99,discharge,1.4694738525181406,0.8574447052949808,ЗЕЛЕНЫЙ
B0043,103,discharge,0.7633137430038643,0.4453970557529723,КРАСНЫЙ
B0043,107,discharge,0.0571536334895882,0.03334940621096375,КРАСНЫЙ
B0043,109,discharge,0.05729366005937665,0.03343111235405706,КРАСНЫЙ
B0043,111,discharge,0.05744203185278054,0.03351768797324979,КРАСНЫЙ
B0043,113,discharge,0.06713062107721124,0.03917102404182305,КРАСНЫЙ
B0043,116,discharge,0.06714781920234739,0.03918105922639862,КРАСНЫЙ
B0043,118,discharge,0.06732001211690299,0.039281534578594915,КРАСНЫЙ
B0043,120,discharge,0.06784038051613318,0.039585171916515664,КРАСНЫЙ
B0043,122,discharge,0.06799604927210635,0.03967600534669907,КРАСНЫЙ
B0043,124,discharge,0.06828011147886554,0.03984175694189941,КРАСНЫЙ
B0043,128,discharge,0.06844632943125976,0.039938745876381763,КРАСНЫЙ
B0043,130,discharge,0.06851361914788083,0.03997800973340015,КРАСНЫЙ
B0043,132,discharge,0.06887402435616684,0.040188307818715525,КРАСНЫЙ
B0043,134,discharge,0.056544389321695726,0.0329939094560565,КРАСНЫЙ
B0043,136,discharge,0.06918353164189846,0.04036890673372583,КРАСНЫЙ
B0043,140,discharge,0.059122086455436665,0.03449800750815364,КРАСНЫЙ
B0043,142,discharge,0.06956120084140223,0.04058927843677627,КРАСНЫЙ
B0043,144,discharge,0.07017897804376615,0.040949754256275304,КРАСНЫЙ
B0043,146,discharge,0.07028148183862523,0.04100956568879856,КРАСНЫЙ
B0043,148,discharge,0.05787364202878375,0.03376953448248247,КРАСНЫЙ
B0043,152,discharge,0.07056618554293374,0.0411756916007492,КРАСНЫЙ
B0043,154,discharge,0.057989410208958,0.03383708574442697,КРАСНЫЙ
B0043,156,discharge,0.07129266446800787,0.041599595371983884,КРАСНЫЙ
B0043,158,discharge,0.07146546557664281,0.04170042560820362,КРАСНЫЙ
B0043,160,discharge,0.0716254973792324,0.0417938048960175,КРАСНЫЙ
B0043,164,discharge,0.07192596356272017,0.04196912828657003,КРАСНЫЙ
B0043,168,discharge,0.058840095111364746,0.03433346427079073,КРАСНЫЙ
B0043,170,discharge,0.07213853480103966,0.04209316457512508,КРАСНЫЙ
B0043,172,discharge,0.07231835711877917,0.042198091718929236,КРАСНЫЙ
B0043,174,discharge,0.05938170626668099,0.03464949685392162,КРАСНЫЙ
B0043,176,discharge,0.07294488485625279,0.04256367351563601,КРАСНЫЙ
B0043,180,discharge,0.07306917734079586,0.04263619874811754,КРАСНЫЙ
B0043,182,discharge,0.07317054128128272,0.042695345070407904,КРАСНЫЙ
B0043,184,discharge,0.07347430293304898,0.04287259138175417,КРАСНЫЙ
B0043,186,discharge,0.06010697591831878,0.035072695008582414,КРАСНЫЙ
B0043,188,discharge,0.07383162509955737,0.0430810904981094,КРАСНЫЙ
B0043,192,discharge,0.060495215307428206,0.035299234465550895,КРАСНЫЙ
B0043,194,discharge,0.060604010237618126,0.0353627168042767,КРАСНЫЙ
B0043,196,discharge,0.06073438432235217,0.03543879067824957,КРАСНЫЙ
B0043,198,discharge,0.06099653048237791,0.035591754160071515,КРАСНЫЙ
B0043,200,discharge,0.061130459259873135,0.03566990221350787,КРАСНЫЙ
B0043,204,discharge,0.06129124410987595,0.03576372090792718,КРАСНЫЙ
B0043,206,discharge,0.06130329065804092,0.03577075012380838,КРАСНЫЙ
B0043,208,discharge,0.061151661574090986,0.03568227386070318,КРАСНЫЙ
B0043,210,discharge,0.061405387192057306,0.0358303239177696,КРАСНЫЙ
B0043,212,discharge,0.06175780765942851,0.03603596287028801,КРАСНЫЙ
B0043,216,discharge,0.8071633094803647,0.47098347809068547,КРАСНЫЙ
B0043,220,discharge,1.552568811301301,0.905930993311083,ЗЕЛЕНЫЙ
B0043,222,discharge,1.5427752626774387,0.9002164129535015,ЗЕЛЕНЫЙ
B0043,224,discharge,1.5331932831264679,0.8946252841163701,ЗЕЛЕНЫЙ
B0043,226,discharge,1.5152721949172019,0.8841682472852437,ЗЕЛЕНЫЙ
B0043,228,discharge,1.5074989761997712,0.879632538656649,ЗЕЛЕНЫЙ
B0043,232,discharge,1.4896288908647644,0.8692052622356268,ЗЕЛЕНЫЙ
B0043,234,discharge,1.4780778852088083,0.8624651976720012,ЗЕЛЕНЫЙ
B0043,236,discharge,1.4700035345334466,0.8577537771704252,ЗЕЛЕНЫЙ
B0043,238,discharge,1.4565623180137077,0.849910765933564,ЖЕЛТЫЙ
B0043,240,discharge,1.445976962830235,0.8437341628315884,ЖЕЛТЫЙ
B0043,244,discharge,1.4325855992469252,0.8359202410108548,ЖЕЛТЫЙ
B0043,246,discharge,1.4197344854662965,0.828421557417771,ЖЕЛТЫЙ
B0043,248,discharge,1.401262575071573,0.8176431133253516,ЖЕЛТЫЙ
B0043,250,discharge,1.3862945308535968,0.8089091911522339,ЖЕЛТЫЙ
B0043,252,discharge,1.384130256052478,0.8076463269196771,ЖЕЛТЫЙ
B0043,256,discharge,1.3651743201871416,0.7965854517541945,ЖЕЛТЫЙ
B0043,258,discharge,1.361508332192898,0.7944463310138339,ЖЕЛТЫЙ
B0043,260,discharge,1.351001663879717,0.7883156420601042,ЖЕЛТЫЙ
B0043,262,discharge,1.3282588067265129,0.775045081025025,ЖЕЛТЫЙ
B0043,264,discharge,1.3257206687421472,0.773564065917289,ЖЕЛТЫЙ
B0043,268,discharge,1.3142909715978441,0.7668947854243332,ЖЕЛТЫЙ
B0043,270,discharge,1.3003260094811093,0.7587461662392283,ЖЕЛТЫЙ
B0043,272,discharge,1.2881071401556836,0.7516164001737595,ЖЕЛТЫЙ
B0043,274,discharge,1.2767801501201566,0.7450070497479262,ЖЕЛТЫЙ
B0044,3,discharge,1.686525555152074,1.0,ЗЕЛЕНЫЙ
B0044,5,discharge,1.6624606531639186,0.98573107776835,ЗЕЛЕНЫЙ
B0044,7,discharge,1.6534010755700512,0.9803593372891193,ЗЕЛЕНЫЙ
B0044,9,discharge,1.6452145903490936,0.9755052838204664,ЗЕЛЕНЫЙ
B0044,11,discharge,1.635664062367341,0.9698424416817409,ЗЕЛЕНЫЙ
B0044,15,discharge,1.6312205194409937,0.9672077096358653,ЗЕЛЕНЫЙ
B0044,17,discharge,1.6267769765146463,0.9645729775899896,ЗЕЛЕНЫЙ
B0044,19,discharge,1.6159715504743064,0.9581660624932508,ЗЕЛЕНЫЙ
B0044,21,discharge,1.6076028386649623,0.9532039605056591,ЗЕЛЕНЫЙ
B0044,23,discharge,1.6003360401431612,0.9488952214535872,ЗЕЛЕНЫЙ
B0044,27,discharge,1.5978700914991917,0.947433074238304,ЗЕЛЕНЫЙ
B0044,29,discharge,1.5900310265163515,0.9427850183823503,ЗЕЛЕНЫЙ
B0044,31,discharge,1.5816311155652092,0.9378044173321723,ЗЕЛЕНЫЙ
B0044,33,discharge,1.5714556311034702,0.9317710166341192,ЗЕЛЕНЫЙ
B0044,35,discharge,1.563220798569978,0.9268882963525699,ЗЕЛЕНЫЙ
B0044,39,discharge,1.5606775388245586,0.9253803086807258,ЗЕЛЕНЫЙ
B0044,41,discharge,1.5523886011314287,0.9204655075573106,ЗЕЛЕНЫЙ
B0044,43,discharge,1.5444592876561967,0.9157639402131282,ЗЕЛЕНЫЙ
B0044,45,discharge,1.536558134180655,0.9110790699178606,ЗЕЛЕНЫЙ
B0044,47,discharge,1.5307255867941072,0.90762074853712,ЗЕЛЕНЫЙ
B0044,51,discharge,1.545242808242328,0.9162285169779082,ЗЕЛЕНЫЙ
B0044,55,discharge,1.5397144491816253,0.9129505594967336,ЗЕЛЕНЫЙ
B0044,57,discharge,1.5305357077773765,0.9075081626257173,ЗЕЛЕНЫЙ
B0044,59,discharge,1.5199735224097084,0.9012454734328958,ЗЕЛЕНЫЙ
B0044,61,discharge,1.5136629526844203,0.8975037158852499,ЗЕЛЕНЫЙ
B0044,63,discharge,1.5012870006992953,0.8901655810154174,ЗЕЛЕНЫЙ
B0044,67,discharge,1.5023814734911674,0.8908145322207689,ЗЕЛЕНЫЙ
B0044,69,discharge,1.4980955154277502,0.8882732377527875,ЗЕЛЕНЫЙ
B0044,71,discharge,1.4906542391377111,0.8838610447283136,ЗЕЛЕНЫЙ
B0044,73,discharge,1.4843971639436213,0.8801510059595707,ЗЕЛЕНЫЙ
B0044,75,discharge,1.4725321936230114,0.8731158499938847,ЗЕЛЕНЫЙ
B0044,79,discharge,1.4663149382113208,0.8694294217671094,ЗЕЛЕНЫЙ
B0044,81,discharge,1.4671298468877776,0.8699126096286673,ЗЕЛЕНЫЙ
B0044,83,discharge,1.4593858997633138,0.8653209524783756,ЗЕЛЕНЫЙ
B0044,85,discharge,1.4467901368505207,0.857852484020062,ЗЕЛЕНЫЙ
B0044,87,discharge,1.4390669859638228,0.8532731576866395,ЗЕЛЕНЫЙ
B0044,91,discharge,1.4389892550462602,0.8532270683064193,ЗЕЛЕНЫЙ
B0044,93,discharge,1.4386198779578576,0.8530080517090874,ЗЕЛЕНЫЙ
B0044,95,discharge,1.4313412096653504,0.8486922746547333,ЖЕЛТЫЙ
B0044,97,discharge,1.422973037663468,0.8437304927378694,ЖЕЛТЫЙ
B0044,99,discharge,1.4150153099745097,0.8390120776123774,ЖЕЛТЫЙ
B0044,103,discharge,0.7361870284999541,0.43651104262904106,КРАСНЫЙ
B0044,107,discharge,0.0573587470253984,0.0340100076457047,КРАСНЫЙ
B0044,109,discharge,0.05749687545445231,0.034091908823325134,КРАСНЫЙ
B0044,111,discharge,0.05763088809888528,0.03417136960826467,КРАСНЫЙ
B0044,113,discharge,0.055116913339787174,0.03268074602926327,КРАСНЫЙ
B0044,116,discharge,0.06740755265748018,0.03996829603415173,КРАСНЫЙ
B0044,118,discharge,0.0675676530317139,0.04006322514669594,КРАСНЫЙ
B0044,120,discharge,0.055637310449156464,0.032989307680036696,КРАСНЫЙ
B0044,122,discharge,0.06822433276106823,0.040452593530322434,КРАСНЫЙ
B0044,124,discharge,0.056052453431514465,0.0332354604768857,КРАСНЫЙ
B0044,128,discharge,0.06868220130105056,0.04072407980492029,КРАСНЫЙ
B0044,130,discharge,0.06874755353346529,0.04076282942968292,КРАСНЫЙ
B0044,132,discharge,0.05651439891347486,0.0335093641130027,КРАСНЫЙ
B0044,134,discharge,0.05673307185387369,0.033639022949022594,КРАСНЫЙ
B0044,136,discharge,0.0694133756360175,0.041157618646198636,КРАСНЫЙ
B0044,140,discharge,0.05931766444664955,0.03517151831197771,КРАСНЫЙ
B0044,142,discharge,0.06981707253622738,0.04139698466053304,КРАСНЫЙ
B0044,144,discharge,0.05746435089694075,0.03407262387539642,КРАСНЫЙ
B0044,146,discharge,0.07053774383993697,0.041824295887159905,КРАСНЫЙ
B0044,148,discharge,0.05805466052344494,0.03442263910327179,КРАСНЫЙ
B0044,152,discharge,0.07083992015291063,0.04200346679390992,КРАСНЫЙ
B0044,154,discharge,0.058171836130525824,0.034492116619768906,КРАСНЫЙ
B0044,156,discharge,0.05830515712798288,0.034571167303021094,КРАСНЫЙ
B0044,158,discharge,0.05845592669367763,0.03466056385277047,КРАСНЫЙ
B0044,160,discharge,0.05862986110638707,0.03476369565067185,КРАСНЫЙ
B0044,164,discharge,0.05890033218383382,0.03492406741415951,КРАСНЫЙ
B0044,168,discharge,0.05906467702011044,0.03502151321672951,КРАСНЫЙ
B0044,170,discharge,0.07240579982844073,0.042931931631425474,КРАСНЫЙ
B0044,172,discharge,0.07255632846891659,0.04302118532818448,КРАСНЫЙ
B0044,174,discharge,0.05959222988909599,0.03533431776770353,КРАСНЫЙ
B0044,176,discharge,0.07321709022768585,0.0434129740898494,КРАСНЫЙ
B0044,180,discharge,0.05984100849986973,0.03548182730885087,КРАСНЫЙ
B0044,182,discharge,0.07344347056971572,0.04354720291391809,КРАСНЫЙ
B0044,184,discharge,0.07373739605923264,0.04372148161880876,КРАСНЫЙ
B0044,186,discharge,0.06032312489727431,0.03576769098635744,КРАСНЫЙ
B0044,188,discharge,0.07409611978234346,0.0439341814631811,КРАСНЫЙ
B0044,192,discharge,0.060717150532954955,0.03600132256963049,КРАСНЫЙ
B0044,194,discharge,0.06082844229397962,0.03606731134797108,КРАСНЫЙ
B0044,196,discharge,0.060928844447982224,0.036126843297366026,КРАСНЫЙ
B0044,198,discharge,0.061220387365620216,0.03629970929204211,КРАСНЫЙ
B0044,200,discharge,0.06133677582691605,0.03636872008226719,КРАСНЫЙ
B0044,204,discharge,0.0615021959933087,0.03646680348568039,КРАСНЫЙ
B0044,206,discharge,0.0615436456229027,0.03649138042106532,КРАСНЫЙ
B0044,208,discharge,0.061368282981907545,0.0363874017766508,КРАСНЫЙ
B0044,210,discharge,0.061633508888739995,0.03654466349499371,КРАСНЫЙ
B0044,212,discharge,0.061981030875948785,0.03675072143828853,КРАСНЫЙ
B0044,216,discharge,0.7780504511618139,0.46133333039928776,КРАСНЫЙ
B0044,220,discharge,1.494119871447679,0.885915939360287,ЗЕЛЕНЫЙ
B0044,222,discharge,1.488007820113173,0.8822918903111429,ЗЕЛЕНЫЙ
B0044,224,discharge,1.4748338592717107,0.874480588074294,ЗЕЛЕНЫЙ
B0044,226,discharge,1.4604378044785566,0.8659446635819693,ЗЕЛЕНЫЙ
B0044,228,discharge,1.452380841576719,0.8611674084272964,ЗЕЛЕНЫЙ
B0044,232,discharge,1.4411028883649861,0.8544803154406053,ЗЕЛЕНЫЙ
B0044,234,discharge,1.4300355978410688,0.8479181317309613,ЖЕЛТЫЙ
B0044,236,discharge,1.413943296719903,0.8383764434523543,ЖЕЛТЫЙ
B0044,238,discharge,1.3972667497450317,0.8284883353688882,ЖЕЛТЫЙ
B0044,240,discharge,1.3865375876825874,0.8221266398525241,ЖЕЛТЫЙ
B0044,244,discharge,1.3724753685724698,0.8137886582149736,ЖЕЛТЫЙ
B0044,246,discharge,1.3598593948812812,0.8063082060791321,ЖЕЛТЫЙ
B0044,248,discharge,1.3486733410392264,0.7996756034435639,ЖЕЛТЫЙ
B0044,250,discharge,1.3334258933205057,0.7906348583020852,ЖЕЛТЫЙ
B0044,252,discharge,1.3387793081075827,0.793809085203494,ЖЕЛТЫЙ
B0044,256,discharge,1.3153320403016995,0.7799063798847069,ЖЕЛТЫЙ
B0044,258,discharge,1.322963328110081,0.7844312373854243,ЖЕЛТЫЙ
B0044,260,discharge,1.3086991524155074,0.7759735086240671,ЖЕЛТЫЙ
B0044,262,discharge,1.2897499583900436,0.7647378686021433,ЖЕЛТЫЙ
B0044,264,discharge,1.2906172590904164,0.7652521215274686,ЖЕЛТЫЙ
B0044,268,discharge,1.2752011253442166,0.7561113565392916,ЖЕЛТЫЙ
B0044,270,discharge,1.2686072657374579,0.7522016265108225,ЖЕЛТЫЙ
B0044,272,discharge,1.2565759973225976,0.7450678665875847,ЖЕЛТЫЙ
B0044,274,discharge,1.2486254509320867,0.7403537095051597,ЖЕЛТЫЙ
B0045,1,discharge,1.0819793880779518,1.0,ЗЕЛЕНЫЙ
B0045,5,discharge,0.927952404748273,0.8576433294137931,ЗЕЛЕНЫЙ
B0045,7,discharge,0.885193608411576,0.8181242805226173,ЖЕЛТЫЙ
B0045,9,discharge,0.8581010699478283,0.7930844888571998,ЖЕЛТЫЙ
B0045,11,discharge,0.8409352213456689,0.7772192618562926,ЖЕЛТЫЙ
B0045,13,discharge,0.8245471942901911,0.7620729224379514,ЖЕЛТЫЙ
B0045,17,discharge,0.7935960418803983,0.7334668761945244,ЖЕЛТЫЙ
B0045,21,discharge,0.8183676087159205,0.756361551553846,ЖЕЛТЫЙ
B0045,23,discharge,0.7977644276409412,0.7373194318036915,ЖЕЛТЫЙ
B0045,25,discharge,0.7993777411831636,0.7388105078445099,ЖЕЛТЫЙ
B0045,27,discharge,0.7783107440628891,0.7193397144519498,ЖЕЛТЫЙ
B0045,29,discharge,0.7803738231239117,0.72124647818863,ЖЕЛТЫЙ
B0045,33,discharge,0.7713058245640294,0.7128655435240696,ЖЕЛТЫЙ
B0045,37,discharge,0.795279016979026,0.7350223356766291,ЖЕЛТЫЙ
B0045,39,discharge,0.7824128169919247,0.7231309816186214,ЖЕЛТЫЙ
B0045,41,discharge,0.7649414992231182,0.7069834302314894,ЖЕЛТЫЙ
B0045,43,discharge,0.7544899426779375,0.6973237669695607,ОРАНЖЕВЫЙ
B0045,45,discharge,0.7504048978314295,0.6935482377020717,ОРАНЖЕВЫЙ
B0045,49,discharge,0.7407258109620256,0.6846025156522294,ОРАНЖЕВЫЙ
B0045,51,discharge,0.7357891851706941,0.6800399280043251,ОРАНЖЕВЫЙ
B0045,53,discharge,0.7308525593793626,0.6754773403564208,ОРАНЖЕВЫЙ
B0045,55,discharge,0.7287255851177903,0.673511522629199,ОРАНЖЕВЫЙ
B0045,57,discharge,0.7161023377036263,0.661844713119465,ОРАНЖЕВЫЙ
B0045,61,discharge,0.7129204834988017,0.6589039415669894,ОРАНЖЕВЫЙ
B0045,63,discharge,0.7141991829499618,0.6600857565490951,ОРАНЖЕВЫЙ
B0045,65,discharge,0.7190570819844222,0.6645755824071367,ОРАНЖЕВЫЙ
B0045,67,discharge,0.7173975428775917,0.6630417832191702,ОРАНЖЕВЫЙ
B0045,69,discharge,0.7071027496463946,0.6535270056322469,ОРАНЖЕВЫЙ
B0045,73,discharge,0.703531206505542,0.6502260710856127,ОРАНЖЕВЫЙ
B0045,75,discharge,0.6941108278958862,0.6415194554943578,ОРАНЖЕВЫЙ
B0045,77,discharge,0.6914114388869608,0.6390245937265006,ОРАНЖЕВЫЙ
B0045,79,discharge,0.6971551798505504,0.6443331430638339,ОРАНЖЕВЫЙ
B0045,81,discharge,0.6832460217432723,0.631477853711246,ОРАНЖЕВЫЙ
B0045,85,discharge,0.6822029317493292,0.6305137965347076,ОРАНЖЕВЫЙ
B0045,89,discharge,0.7289529213213379,0.6737216340287807,ОРАНЖЕВЫЙ
B0045,91,discharge,0.7139321758287004,0.6598389800169324,ОРАНЖЕВЫЙ
B0045,93,discharge,0.6957731747455482,0.6430558496881651,ОРАНЖЕВЫЙ
B0045,95,discharge,0.7018312962317095,0.6486549595722481,ОРАНЖЕВЫЙ
B0045,97,discharge,0.6911808244378487,0.6388114524673849,ОРАНЖЕВЫЙ
B0045,101,discharge,0.6843279752855028,0.632477829823686,ОРАНЖЕВЫЙ
B0045,103,discharge,0.6741394908812485,0.6230613062590797,ОРАНЖЕВЫЙ
B0045,105,discharge,0.6670070174301739,0.6164692458837479,ОРАНЖЕВЫЙ
B0045,107,discharge,0.6804085117374855,0.6288553360948731,ОРАНЖЕВЫЙ
B0045,109,discharge,0.6617864063235485,0.6116441899130427,ОРАНЖЕВЫЙ
B0045,113,discharge,0.6623168733492338,0.6121344645259701,ОРАНЖЕВЫЙ
B0045,115,discharge,0.6679358357181778,0.6173276894901958,ОРАНЖЕВЫЙ
B0045,117,discharge,0.6488990885270688,0.5997333180993264,КРАСНЫЙ
B0045,119,discharge,0.6503639129625527,0.6010871557524503,ОРАНЖЕВЫЙ
B0045,121,discharge,0.6572077690202801,0.607412466690106,ОРАНЖЕВЫЙ
B0045,125,discharge,0.6363517458476216,0.5881366621762071,КРАСНЫЙ
B0045,127,discharge,0.6536449360948587,0.6041195824035112,ОРАНЖЕВЫЙ
B0045,129,discharge,0.6391428272150887,0.5907162689582044,КРАСНЫЙ
B0045,131,discharge,0.6482206049496236,0.599106241849149,КРАСНЫЙ
B0045,133,discharge,0.6287957471922729,0.5811531662440237,КРАСНЫЙ
B0045,137,discharge,0.6380571850193401,0.5897128836740565,КРАСНЫЙ
B0045,141,discharge,0.6554825047832906,0.6058179222320509,ОРАНЖЕВЫЙ
B0045,143,discharge,0.6484934835397033,0.5993584449808227,КРАСНЫЙ
B0045,145,discharge,0.6454071687844921,0.5965059740472555,КРАСНЫЙ
B0045,147,discharge,0.6427008031845645,0.594004664290574,КРАСНЫЙ
B0045,149,discharge,0.6352454880802477,0.5871142233205658,КРАСНЫЙ
B0045,153,discharge,0.6156760019587869,0.5690274775497204,КРАСНЫЙ
B0045,157,discharge,0.6170833682807023,0.5703282105742334,КРАСНЫЙ
B0045,159,discharge,0.6434227390858672,0.5946719005699871,КРАСНЫЙ
B0045,161,discharge,0.6278124433742752,0.5802443653658993,КРАСНЫЙ
B0045,163,discharge,0.6290078315253372,0.5813491813764755,КРАСНЫЙ
B0045,165,discharge,0.6278216941772816,0.5802529152542875,КРАСНЫЙ
B0045,169,discharge,0.6266355568292261,0.5791566491320995,КРАСНЫЙ
B0045,173,discharge,0.6495813516716594,0.6003638875464973,ОРАНЖЕВЫЙ
B0045,175,discharge,0.6337485177966306,0.5857306754451517,КРАСНЫЙ
B0045,177,discharge,0.6298550929085645,0.5821322474797331,КРАСНЫЙ
B0045,179,discharge,0.6183063778386736,0.571458555173629,КРАСНЫЙ
B0045,181,discharge,0.6069476168507777,0.5609604245132347,КРАСНЫЙ
B0046,1,discharge,1.7282392323598248,1.0,ЗЕЛЕНЫЙ
B0046,5,discharge,1.5161488467923143,0.8772794983493625,ЗЕЛЕНЫЙ
B0046,7,discharge,1.503121190703977,0.869741389131376,ЗЕЛЕНЫЙ
B0046,9,discharge,1.48586566102824,0.8597569324932892,ЗЕЛЕНЫЙ
B0046,11,discharge,1.4694562316392716,0.8502620494460146,ЗЕЛЕНЫЙ
B0046,13,discharge,1.4589554592644807,0.8441860547699461,ЖЕЛТЫЙ
B0046,17,discharge,1.4556853555098295,0.8422938955749566,ЖЕЛТЫЙ
B0046,21,discharge,1.456232262380321,0.8426103487952349,ЖЕЛТЫЙ
B0046,23,discharge,1.4440592236675138,0.8355667413565903,ЖЕЛТЫЙ
B0046,25,discharge,1.428294264765868,0.8264447641404387,ЖЕЛТЫЙ
B0046,27,discharge,1.4199848948034668,0.821636766609301,ЖЕЛТЫЙ
B0046,29,discharge,1.4043226018516568,0.812574194334267,ЖЕЛТЫЙ
B0046,33,discharge,1.4234351301615986,0.8236331542005146,ЖЕЛТЫЙ
B0046,37,discharge,1.4339948857967295,0.8297432779828061,ЖЕЛТЫЙ
B0046,39,discharge,1.4185177047756572,0.820787815838865,ЖЕЛТЫЙ
B0046,41,discharge,1.4056313337829422,0.8133314575110198,ЖЕЛТЫЙ
B0046,43,discharge,1.3890214025155618,0.8037205593457811,ЖЕЛТЫЙ
B0046,45,discharge,1.3723339082737365,0.7940647814133248,ЖЕЛТЫЙ
B0046,49,discharge,1.3615778905990565,0.7878410957838803,ЖЕЛТЫЙ
B0046,51,discharge,1.3858030461113997,0.8018583423888338,ЖЕЛТЫЙ
B0046,53,discharge,1.4100282016237429,0.8158755889937873,ЖЕЛТЫЙ
B0046,55,discharge,1.3395671374926488,0.7751051546628394,ЖЕЛТЫЙ
B0046,57,discharge,1.3291515487117478,0.7690784492242184,ЖЕЛТЫЙ
B0046,61,discharge,1.3181687033905718,0.7627235157662043,ЖЕЛТЫЙ
B0046,63,discharge,1.312423708466101,0.7593993261419322,ЖЕЛТЫЙ
B0046,65,discharge,1.2993237532162487,0.751819382923096,ЖЕЛТЫЙ
B0046,67,discharge,1.2877483042174591,0.7451215549939245,ЖЕЛТЫЙ
B0046,69,discharge,1.2865282739749122,0.744415616707313,ЖЕЛТЫЙ
B0046,73,discharge,1.2719636386987183,0.7359881750641172,ЖЕЛТЫЙ
B0046,75,discharge,1.2714495345417192,0.7356907022678904,ЖЕЛТЫЙ
B0046,77,discharge,1.2615423884659074,0.7299581937758316,ЖЕЛТЫЙ
B0046,79,discharge,1.2421201619204132,0.7187200352027421,ЖЕЛТЫЙ
B0046,81,discharge,1.2402537441669796,0.7176400818499385,ЖЕЛТЫЙ
B0046,85,discharge,1.2851130012242886,0.7435967064985156,ЖЕЛТЫЙ
B0046,89,discharge,1.3043327841699193,0.7547177264277919,ЖЕЛТЫЙ
B0046,91,discharge,1.2778639041619957,0.7394022078859627,ЖЕЛТЫЙ
B0046,93,discharge,1.2723464591651539,0.7362096840191668,ЖЕЛТЫЙ
B0046,95,discharge,1.2477883952768762,0.7219998087724714,ЖЕЛТЫЙ
B0046,97,discharge,1.2352499196655526,0.7147447509213642,ЖЕЛТЫЙ
B0046,101,discharge,1.229251291851949,0.7112738033226265,ЖЕЛТЫЙ
B0046,103,discharge,1.223890910501634,0.7081721601878415,ЖЕЛТЫЙ
B0046,105,discharge,1.205423323571373,0.6974863786221467,ОРАНЖЕВЫЙ
B0046,107,discharge,1.1957824090008151,0.6919079179611226,ОРАНЖЕВЫЙ
B0046,109,discharge,1.1900729496698461,0.6886042900697611,ОРАНЖЕВЫЙ
B0046,113,discharge,1.179201763233652,0.682313965077341,ОРАНЖЕВЫЙ
B0046,115,discharge,1.169504032514554,0.6767026292521171,ОРАНЖЕВЫЙ
B0046,117,discharge,1.16772376849918,0.6756725264850695,ОРАНЖЕВЫЙ
B0046,119,discharge,1.1579256145829042,0.6700030834283367,ОРАНЖЕВЫЙ
B0046,121,discharge,1.1499812813376982,0.6654063047553063,ОРАНЖЕВЫЙ
B0046,125,discharge,1.150285902223034,0.665582565587506,ОРАНЖЕВЫЙ
B0046,127,discharge,1.1349452274085248,0.6567060891557319,ОРАНЖЕВЫЙ
B0046,129,discharge,1.1380960963513609,0.6585292562750975,ОРАНЖЕВЫЙ
B0046,131,discharge,1.123711172150547,0.6502057997006441,ОРАНЖЕВЫЙ
B0046,133,discharge,1.1689151917523226,0.6763619120925909,ОРАНЖЕВЫЙ
B0046,137,discharge,1.214119211354098,0.7025180244845376,ЖЕЛТЫЙ
B0046,141,discharge,1.211944797522819,0.7012598573335063,ЖЕЛТЫЙ
B0046,143,discharge,1.1971248679331923,0.6926846963765414,ОРАНЖЕВЫЙ
B0046,145,discharge,1.1822892151870987,0.6841004376302356,ОРАНЖЕВЫЙ
B0046,147,discharge,1.1645336676778397,0.6738266588750719,ОРАНЖЕВЫЙ
B0046,149,discharge,1.1535559567518647,0.6674746962992741,ОРАНЖЕВЫЙ
B0046,153,discharge,1.1601987101282065,0.6713183501476314,ОРАНЖЕВЫЙ
B0046,157,discharge,1.1711716308206082,0.6776675409812515,ОРАНЖЕВЫЙ
B0046,159,discharge,1.1563410270783216,0.6690862037076866,ОРАНЖЕВЫЙ
B0046,161,discharge,1.141082456193516,0.660257234546993,ОРАНЖЕВЫЙ
B0046,163,discharge,1.1352383596118123,0.6568757023654074,ОРАНЖЕВЫЙ
B0046,165,discharge,1.1941615727200463,0.6909700638432319,ОРАНЖЕВЫЙ
B0046,169,discharge,1.2530847858282803,0.7250644253210565,ЖЕЛТЫЙ
B0046,173,discharge,1.2050453590356518,0.6972676794231909,ОРАНЖЕВЫЙ
B0046,175,discharge,1.19119860196273,0.6892556190477215,ОРАНЖЕВЫЙ
B0046,177,discharge,1.17463817374538,0.6796733645153222,ОРАНЖЕВЫЙ
B0046,179,discharge,1.1555432048235512,0.6686245649253746,ОРАНЖЕВЫЙ
B0046,181,discharge,1.1538041170229467,0.6676182876878015,ОРАНЖЕВЫЙ
B0047,1,discharge,1.6743047446975208,1.0,ЗЕЛЕНЫЙ
B0047,5,discharge,1.5243662105099023,0.9104472858585213,ЗЕЛЕНЫЙ
B0047,7,discharge,1.5080762969973425,0.9007179259172385,ЗЕЛЕНЫЙ
B0047,9,discharge,1.4835577960067696,0.8860739364832826,ЗЕЛЕНЫЙ
B0047,11,discharge,1.4671391666146525,0.8762676993307483,ЗЕЛЕНЫЙ
B0047,13,discharge,1.448858156982267,0.8653491316743638,ЗЕЛЕНЫЙ
B0047,17,discharge,1.4458534180949325,0.8635545128053375,ЗЕЛЕНЫЙ
B0047,21,discharge,1.431118266178283,0.8547537541839961,ЗЕЛЕНЫЙ
B0047,23,discharge,1.4192745516578533,0.8476799436617848,ЖЕЛТЫЙ
B0047,25,discharge,1.3999974221808271,0.8361664306420813,ЖЕЛТЫЙ
B0047,27,discharge,1.3885156686114437,0.8293088059439815,ЖЕЛТЫЙ
B0047,29,discharge,1.3652234669528964,0.8153972395267488,ЖЕЛТЫЙ
B0047,33,discharge,1.4060442272970963,0.8397779626140351,ЖЕЛТЫЙ
B0047,37,discharge,1.4057541613525781,0.8396047170054106,ЖЕЛТЫЙ
B0047,39,discharge,1.3867662881727878,0.8282639660220997,ЖЕЛТЫЙ
B0047,41,discharge,1.3705053061420223,0.8185518857796805,ЖЕЛТЫЙ
B0047,43,discharge,1.3497431114823601,0.8061513985174809,ЖЕЛТЫЙ
B0047,45,discharge,1.3251533367939783,0.7914648399526455,ЖЕЛТЫЙ
B0047,49,discharge,1.3111943869635805,0.7831276779905801,ЖЕЛТЫЙ
B0047,51,discharge,1.3253089137784348,0.7915577603035848,ЖЕЛТЫЙ
B0047,53,discharge,1.3394234405932892,0.7999878426165894,ЖЕЛТЫЙ
B0047,55,discharge,1.2849157142560723,0.7674324034052742,ЖЕЛТЫЙ
B0047,57,discharge,1.281719159327807,0.7655232199436679,ЖЕЛТЫЙ
B0047,61,discharge,1.2600051642942829,0.7525542576909527,ЖЕЛТЫЙ
B0047,63,discharge,1.266070385993126,0.7561767892032425,ЖЕЛТЫЙ
B0047,65,discharge,1.2413590294280803,0.7414176143019554,ЖЕЛТЫЙ
B0047,67,discharge,1.2298873703485311,0.7345660186674811,ЖЕЛТЫЙ
B0047,69,discharge,1.228088614506696,0.7334916886522722,ЖЕЛТЫЙ
B0047,73,discharge,1.2139857189070042,0.7250685532318206,ЖЕЛТЫЙ
B0047,75,discharge,1.2173435064564189,0.7270740349459761,ЖЕЛТЫЙ
B0047,77,discharge,1.2073445944515917,0.7211020564059323,ЖЕЛТЫЙ
B0047,79,discharge,1.18804049227045,0.7095724335924766,ЖЕЛТЫЙ
B0047,81,discharge,1.186304749886542,0.7085357391738499,ЖЕЛТЫЙ
B0047,85,discharge,1.2613935471028506,0.7533834871445302,ЖЕЛТЫЙ
B0047,89,discharge,1.2648246158850653,0.7554327370156071,ЖЕЛТЫЙ
B0047,91,discharge,1.2466494548982199,0.7445773888214353,ЖЕЛТЫЙ
B0047,93,discharge,1.2333924152795082,0.7366594517429575,ЖЕЛТЫЙ
B0047,95,discharge,1.2129250072037692,0.7244350295518608,ЖЕЛТЫЙ
B0047,97,discharge,1.1999106597943647,0.7166620435105678,ЖЕЛТЫЙ
B0047,101,discharge,1.1902559038393383,0.7108956165888245,ЖЕЛТЫЙ
B0047,103,discharge,1.1892563795455853,0.7102986378745739,ЖЕЛТЫЙ
B0047,105,discharge,1.167069685125939,0.6970473498459693,ОРАНЖЕВЫЙ
B0047,107,discharge,1.1615348403090369,0.69374159273429,ОРАНЖЕВЫЙ
B0047,109,discharge,1.1555563844349988,0.6901708832245835,ОРАНЖЕВЫЙ
B0047,113,discharge,1.1488524666097713,0.686166882252563,ОРАНЖЕВЫЙ
B0047,115,discharge,1.143572986788779,0.6830136451625336,ОРАНЖЕВЫЙ
B0047,117,discharge,1.1418015379428537,0.6819556246011421,ОРАНЖЕВЫЙ
B0047,119,discharge,1.136058647502255,0.6785256095702547,ОРАНЖЕВЫЙ
B0047,121,discharge,1.1236364680969286,0.6711063034704141,ОРАНЖЕВЫЙ
B0047,125,discharge,1.1320498900328944,0.6761313277156185,ОРАНЖЕВЫЙ
B0047,127,discharge,1.1170101762158153,0.6671486655899156,ОРАНЖЕВЫЙ
B0047,129,discharge,1.120043039721982,0.6689600822485446,ОРАНЖЕВЫЙ
B0047,131,discharge,1.1059773445917063,0.6605591652859538,ОРАНЖЕВЫЙ
B0047,133,discharge,1.1483837910339538,0.6858869597490272,ОРАНЖЕВЫЙ
B0047,137,discharge,1.1907902374762016,0.7112147542121009,ЖЕЛТЫЙ
B0047,141,discharge,1.2012387088454022,0.7174552378530215,ЖЕЛТЫЙ
B0047,143,discharge,1.1906909549024802,0.7111554564205633,ЖЕЛТЫЙ
B0047,145,discharge,1.1764375730308343,0.7026424411425586,ЖЕЛТЫЙ
B0047,147,discharge,1.1628110372792353,0.6945038177558939,ОРАНЖЕВЫЙ
B0047,149,discharge,1.1516152840582585,0.6878170104369553,ОРАНЖЕВЫЙ
B0047,153,discharge,1.1583673498348623,0.6918497683909584,ОРАНЖЕВЫЙ
B0047,157,discharge,1.1692285288386206,0.6983367469640976,ОРАНЖЕВЫЙ
B0047,159,discharge,1.1588148476218465,0.6921170421882771,ОРАНЖЕВЫЙ
B0047,161,discharge,1.1439588147705457,0.6832440858770982,ОРАНЖЕВЫЙ
B0047,163,discharge,1.1383941068159398,0.6799204926231046,ОРАНЖЕВЫЙ
B0047,165,discharge,1.1798521959277533,0.7046818684975446,ЖЕЛТЫЙ
B0047,169,discharge,1.2213102850395667,0.7294432443719845,ЖЕЛТЫЙ
B0047,173,discharge,1.2031062978889062,0.718570679381464,ЖЕЛТЫЙ
B0047,175,discharge,1.1897147112197684,0.7105723823500851,ЖЕЛТЫЙ
B0047,177,discharge,1.177422568842014,0.7032307425341058,ЖЕЛТЫЙ
B0047,179,discharge,1.158443027293818,0.6918949677247088,ОРАНЖЕВЫЙ
B0047,181,discharge,1.1567087516841796,0.6908591493558421,ОРАНЖЕВЫЙ
B0048,1,discharge,1.6579955793677608,1.0,ЗЕЛЕНЫЙ
B0048,5,discharge,1.5076933476098775,0.9093470250293444,ЗЕЛЕНЫЙ
B0048,7,discharge,1.4989223343608031,0.9040568943690329,ЗЕЛЕНЫЙ
B0048,9,discharge,1.4782919502497789,0.8916139274710806,ЗЕЛЕНЫЙ
B0048,11,discharge,1.461856891390611,0.8817013203063286,ЗЕЛЕНЫЙ
B0048,13,discharge,1.4509592706473475,0.8751285520318686,ЗЕЛЕНЫЙ
B0048,17,discharge,1.451746997147108,0.8756036597520356,ЗЕЛЕНЫЙ
B0048,21,discharge,1.444392866287476,0.871168104584611,ЗЕЛЕНЫЙ
B0048,23,discharge,1.432738323965376,0.8641388082058207,ЗЕЛЕНЫЙ
B0048,25,discharge,1.417241201438662,0.8547919060068272,ЗЕЛЕНЫЙ
B0048,27,discharge,1.4057559944573452,0.8478647421927377,ЖЕЛТЫЙ
B0048,29,discharge,1.3902706269897063,0.838524929915588,ЖЕЛТЫЙ
B0048,33,discharge,1.4196659307880326,0.8562543522156978,ЗЕЛЕНЫЙ
B0048,37,discharge,1.4190563985232272,0.8558867201952084,ЗЕЛЕНЫЙ
B0048,39,discharge,1.404272356704056,0.8469699040087572,ЖЕЛТЫЙ
B0048,41,discharge,1.3916140490958342,0.8393351987262203,ЖЕЛТЫЙ
B0048,43,discharge,1.3749618350294734,0.829291617022154,ЖЕЛТЫЙ
B0048,45,discharge,1.3545155713071164,0.8169597001118847,ЖЕЛТЫЙ
B0048,49,discharge,1.3440223073315984,0.8106308147360146,ЖЕЛТЫЙ
B0048,51,discharge,1.3582033915960854,0.8191839643589434,ЖЕЛТЫЙ
B0048,53,discharge,1.372384475860572,0.827737113981872,ЖЕЛТЫЙ
B0048,55,discharge,1.3184105752674413,0.7951834080101634,ЖЕЛТЫЙ
B0048,57,discharge,1.3112727599578604,0.7908783209529936,ЖЕЛТЫЙ
B0048,61,discharge,1.2970172419001187,0.7822802774870528,ЖЕЛТЫЙ
B0048,63,discharge,1.2995219526631718,0.783790963519164,ЖЕЛТЫЙ
B0048,65,discharge,1.2826154066729571,0.7735939845883386,ЖЕЛТЫЙ
B0048,67,discharge,1.2752890152407,0.7691751601213573,ЖЕЛТЫЙ
B0048,69,discharge,1.2735572473264072,0.7681306652289445,ЖЕЛТЫЙ
B0048,73,discharge,1.2594114333938535,0.759598788480547,ЖЕЛТЫЙ
B0048,75,discharge,1.2631632585495876,0.7618616564896189,ЖЕЛТЫЙ
B0048,77,discharge,1.2491717310136363,0.753422835717077,ЖЕЛТЫЙ
B0048,79,discharge,1.233984347835307,0.7442627490634559,ЖЕЛТЫЙ
B0048,81,discharge,1.240031992028868,0.7479103125846248,ЖЕЛТЫЙ
B0048,85,discharge,1.30370857198071,0.7863160723732748,ЖЕЛТЫЙ
B0048,89,discharge,1.315055963470538,0.7931601144389089,ЖЕЛТЫЙ
B0048,91,discharge,1.2888738300982074,0.7773686770562382,ЖЕЛТЫЙ
B0048,93,discharge,1.2877137595885193,0.7766689945455463,ЖЕЛТЫЙ
B0048,95,discharge,1.2673379985315463,0.7643796004660139,ЖЕЛТЫЙ
B0048,97,discharge,1.250594345697306,0.7542808685739633,ЖЕЛТЫЙ
B0048,101,discharge,1.2487131179395878,0.7531462287829238,ЖЕЛТЫЙ
B0048,103,discharge,1.248002326082933,0.7527175232631383,ЖЕЛТЫЙ
B0048,105,discharge,1.2300895244599586,0.7419136334060827,ЖЕЛТЫЙ
B0048,107,discharge,1.2244197121500935,0.7384939546201916,ЖЕЛТЫЙ
B0048,109,discharge,1.2186682845116386,0.7350250505350263,ЖЕЛТЫЙ
B0048,113,discharge,1.2037865236033616,0.7260492962607286,ЖЕЛТЫЙ
B0048,115,discharge,1.1947642300832226,0.7206076089411644,ЖЕЛТЫЙ
B0048,117,discharge,1.2052091893871497,0.7269073599380338,ЖЕЛТЫЙ
B0048,119,discharge,1.1955746593628465,0.7210964095686865,ЖЕЛТЫЙ
B0048,121,discharge,1.1888497102149884,0.7170403377482644,ЖЕЛТЫЙ
B0048,125,discharge,1.1915605250807406,0.7186753329795459,ЖЕЛТЫЙ
B0048,127,discharge,1.1726587153109655,0.7072749348090135,ЖЕЛТЫЙ
B0048,129,discharge,1.1841133872494156,0.7141836817809554,ЖЕЛТЫЙ
B0048,131,discharge,1.1576825122317769,0.6982422188804828,ОРАНЖЕВЫЙ
B0048,133,discharge,1.2085191817001875,0.7289037418067357,ЖЕЛТЫЙ
B0048,137,discharge,1.259355851168598,0.7595652647329886,ЖЕЛТЫЙ
B0048,141,discharge,1.265883375278026,0.7635022620269846,ЖЕЛТЫЙ
B0048,143,discharge,1.2472598673184119,0.7522697182305071,ЖЕЛТЫЙ
B0048,145,discharge,1.232808747256218,0.7435536997790559,ЖЕЛТЫЙ
B0048,147,discharge,1.2319592783041904,0.7430413528448431,ЖЕЛТЫЙ
B0048,149,discharge,1.220785786262778,0.7363021961302799,ЖЕЛТЫЙ
B0048,153,discharge,1.2275441303266783,0.7403784096907994,ЖЕЛТЫЙ
B0048,157,discharge,1.2386788414290355,0.7470941761505647,ЖЕЛТЫЙ
B0048,159,discharge,1.2283577755407058,0.7408691499702987,ЖЕЛТЫЙ
B0048,161,discharge,1.2095481507570451,0.7295243520602624,ЖЕЛТЫЙ
B0048,163,discharge,1.2082142070681048,0.7287198000424283,ЖЕЛТЫЙ
B0048,165,discharge,1.2540438306756596,0.7563613837582492,ЖЕЛТЫЙ
B0048,169,discharge,1.2998734542832147,0.7840029674740702,ЖЕЛТЫЙ
B0048,173,discharge,1.2691220651743778,0.7654556387046152,ЖЕЛТЫЙ
B0048,175,discharge,1.2555144634690785,0.757248378157824,ЖЕЛТЫЙ
B0048,177,discharge,1.2519876926897657,0.7551212489765401,ЖЕЛТЫЙ
B0048,179,discharge,1.2374982003019996,0.7463820867205759,ЖЕЛТЫЙ
B0048,181,discharge,1.2231273969878986,0.7377145103452633,ЖЕЛТЫЙ
B0049,1,discharge,0.8583727215167135,0.6252477602213317,ОРАНЖЕВЫЙ
B0049,5,discharge,1.1156124274529882,0.8126238801106658,ЖЕЛТЫЙ
B0049,7,discharge,1.372852133389263,1.0,ЗЕЛЕНЫЙ
B0049,9,discharge,1.3643742487429145,0.993824619243284,ЗЕЛЕНЫЙ
B0049,11,discharge,1.245247245050593,0.9070512510159108,ЗЕЛЕНЫЙ
B0049,15,discharge,1.1261202413582712,0.8202778827885373,ЖЕЛТЫЙ
B0049,17,discharge,1.0069932376659496,0.733504514561164,ЖЕЛТЫЙ
B0049,19,discharge,0.9298775334359536,0.6773326207683381,ОРАНЖЕВЫЙ
B0049,21,discharge,0.9232377029483808,0.6724960980824022,ОРАНЖЕВЫЙ
B0049,23,discharge,0.9053279121173716,0.659450417199936,ОРАНЖЕВЫЙ
B0049,27,discharge,0.8595848360639872,0.6261306772651951,ОРАНЖЕВЫЙ
B0049,29,discharge,0.8369614294820705,0.6096515488640435,ОРАНЖЕВЫЙ
B0049,31,discharge,0.8456824187653132,0.6160040096070024,ОРАНЖЕВЫЙ
B0049,33,discharge,0.8071214007577537,0.5879157566409957,КРАСНЫЙ
B0049,35,discharge,0.7820744360746734,0.5696712829107878,КРАСНЫЙ
B0049,39,discharge,0.7953019444133349,0.5793063397511816,КРАСНЫЙ
B0049,41,discharge,0.7852535299426673,0.5719869684756602,КРАСНЫЙ
B0049,43,discharge,0.7752051154719997,0.5646675972001389,КРАСНЫЙ
B0049,45,discharge,0.7711865903845158,0.5617404610652639,КРАСНЫЙ
B0049,47,discharge,0.7585098914517947,0.5525066196162033,КРАСНЫЙ
B0049,51,discharge,0.7349386490499009,0.5353370775886132,КРАСНЫЙ
B0049,53,discharge,0.7366758033690756,0.5366024391500844,КРАСНЫЙ
B0049,55,discharge,0.7093946599203638,0.5167305659998707,КРАСНЫЙ
B0049,57,discharge,0.7186465009220309,0.5234697047436961,КРАСНЫЙ
B0049,59,discharge,0.6913885231046639,0.5036147056841302,КРАСНЫЙ
B0050,1,discharge,0.8631448527758341,0.5389143295904949,КРАСНЫЙ
B0050,5,discharge,1.232390669086819,0.7694571647952474,ЖЕЛТЫЙ
B0050,7,discharge,1.601636485397804,1.0,ЗЕЛЕНЫЙ
B0050,9,discharge,1.5517564797427017,0.9688568497846667,ЗЕЛЕНЫЙ
B0050,11,discharge,1.5073716771129826,0.9411446922293303,ЗЕЛЕНЫЙ
B0050,15,discharge,1.4629868744832637,0.9134325346739941,ЗЕЛЕНЫЙ
B0050,17,discharge,1.4186020718535448,0.8857203771186579,ЗЕЛЕНЫЙ
B0050,19,discharge,1.3742172692238257,0.8580082195633215,ЗЕЛЕНЫЙ
B0050,21,discharge,1.3528030430821978,0.8446380033270767,ЖЕЛТЫЙ
B0050,23,discharge,1.3607406193458433,0.8495939195640086,ЖЕЛТЫЙ
B0050,27,discharge,1.3834695714062564,0.8637849999169064,ЗЕЛЕНЫЙ
B0050,29,discharge,1.4061985234666696,0.8779760802698043,ЗЕЛЕНЫЙ
B0050,31,discharge,1.4289274755270827,0.8921671606227021,ЗЕЛЕНЫЙ
B0050,33,discharge,1.0531097181989837,0.657521059116869,ОРАНЖЕВЫЙ
B0050,35,discharge,0.6772919608708846,0.4228749576110357,КРАСНЫЙ
B0050,39,discharge,0.3014742035427856,0.18822885610520254,КРАСНЫЙ
B0050,41,discharge,0.24051981493300012,0.15017128863248977,КРАСНЫЙ
B0050,43,discharge,0.17956542632321462,0.11211372115977698,КРАСНЫЙ
B0050,45,discharge,0.21240534324582475,0.13261769770003015,КРАСНЫЙ
B0050,47,discharge,0.24524526016843484,0.15312167424028333,КРАСНЫЙ
B0050,51,discharge,0.27808517709104497,0.1736256507805365,КРАСНЫЙ
B0051,1,discharge,0.6434735598158292,0.5236200568473035,КРАСНЫЙ
B0051,5,discharge,0.9361837929674974,0.7618100284236518,ЖЕЛТЫЙ
B0051,7,discharge,1.2288940261191657,1.0,ЗЕЛЕНЫЙ
B0051,9,discharge,1.2039031789717949,0.979663952614131,ЗЕЛЕНЫЙ
B0051,11,discharge,1.1214574491520406,0.9125745795132485,ЗЕЛЕНЫЙ
B0051,15,discharge,1.0390117193322865,0.8454852064123662,ЖЕЛТЫЙ
B0051,17,discharge,0.9565659895125322,0.7783958333114838,ЖЕЛТЫЙ
B0051,19,discharge,0.901956291365404,0.7339577475315527,ЖЕЛТЫЙ
B0051,21,discharge,0.8897906666138162,0.7240580942717785,ЖЕЛТЫЙ
B0051,23,discharge,0.8830717036634559,0.7185906065897212,ЖЕЛТЫЙ
B0051,27,discharge,0.8431270354481757,0.6860860395837076,ОРАНЖЕВЫЙ
B0051,29,discharge,0.826559103449663,0.6726040536301799,ОРАНЖЕВЫЙ
B0051,31,discharge,0.8352681546837963,0.6796909553882073,ОРАНЖЕВЫЙ
B0051,33,discharge,0.8025719464987874,0.6530847489211914,ОРАНЖЕВЫЙ
B0051,35,discharge,0.7839218784699513,0.637908445975255,ОРАНЖЕВЫЙ
B0051,39,discharge,0.7910763493036002,0.6437303237625875,ОРАНЖЕВЫЙ
B0051,41,discharge,0.7782650881258119,0.6333052904354697,ОРАНЖЕВЫЙ
B0051,43,discharge,0.7654538269480236,0.6228802571083518,ОРАНЖЕВЫЙ
B0051,45,discharge,0.773177347633947,0.6291651934183722,ОРАНЖЕВЫЙ
B0051,47,discharge,0.7605293776416485,0.6188730366306623,ОРАНЖЕВЫЙ
B0051,51,discharge,0.7376430319247004,0.6002495058537873,ОРАНЖЕВЫЙ
B0051,53,discharge,0.739179500257907,0.601499791314169,ОРАНЖЕВЫЙ
B0051,55,discharge,0.7014575429842594,0.5708039327031762,КРАСНЫЙ
B0051,57,discharge,0.7047349480541781,0.5734708877052024,КРАСНЫЙ
B0051,59,discharge,0.677848893570423,0.5515926346481337,КРАСНЫЙ
B0053,1,discharge,1.0691417886194299,0.9264075842474391,ЗЕЛЕНЫЙ
B0053,5,discharge,1.1540727934432229,1.0,ЗЕЛЕНЫЙ
B0053,7,discharge,1.1501525413826983,0.9966031154336215,ЗЕЛЕНЫЙ
B0053,9,discharge,1.1305863853936766,0.9796491103654964,ЗЕЛЕНЫЙ
B0053,11,discharge,1.121790272357562,0.9720273094824939,ЗЕЛЕНЫЙ
B0053,13,discharge,1.1135982401443856,0.9649289424993029,ЗЕЛЕНЫЙ
B0053,17,discharge,1.0864654057095062,0.9414184372789802,ЗЕЛЕНЫЙ
B0053,19,discharge,1.0647493568993147,0.9226015576734912,ЗЕЛЕНЫЙ
B0053,21,discharge,1.0809288094959644,0.9366209962120062,ЗЕЛЕНЫЙ
B0053,23,discharge,1.0852752041846463,0.9403871318607935,ЗЕЛЕНЫЙ
B0053,25,discharge,1.0504799933740894,0.9102372045700339,ЗЕЛЕНЫЙ
B0053,29,discharge,1.0853550177054305,0.9404562899946978,ЗЕЛЕНЫЙ
B0053,31,discharge,1.0508395690790722,0.9105487756485878,ЗЕЛЕНЫЙ
B0053,33,discharge,1.060906788333118,0.9192719855806146,ЗЕЛЕНЫЙ
B0053,35,discharge,1.070582461063814,0.9276559218328749,ЗЕЛЕНЫЙ
B0053,37,discharge,1.024036665663697,0.8873241544915397,ЗЕЛЕНЫЙ
B0053,41,discharge,1.0670957253433857,0.9246346776442605,ЗЕЛЕНЫЙ
B0053,43,discharge,1.0279237850447498,0.8906923297081613,ЗЕЛЕНЫЙ
B0053,45,discharge,1.0325426399701008,0.89469455118985,ЗЕЛЕНЫЙ
B0053,47,discharge,1.055948784653705,0.9149758929012086,ЗЕЛЕНЫЙ
B0053,49,discharge,1.0445313831308718,0.9050827548013416,ЗЕЛЕНЫЙ
B0053,53,discharge,1.035313906812183,0.8970958441220004,ЗЕЛЕНЫЙ
B0053,57,discharge,1.076341053101982,0.9326457214979263,ЗЕЛЕНЫЙ
B0053,59,discharge,1.0352223140423542,0.8970164793103965,ЗЕЛЕНЫЙ
B0053,61,discharge,1.0514287056908256,0.9110592604421819,ЗЕЛЕНЫЙ
B0053,63,discharge,1.060332934638968,0.9187747433811535,ЗЕЛЕНЫЙ
B0053,65,discharge,1.0236966462748538,0.887029528891859,ЗЕЛЕНЫЙ
B0053,69,discharge,1.0465884668750887,0.9068652106012738,ЗЕЛЕНЫЙ
B0053,71,discharge,1.0031121684812232,0.8691931515761648,ЗЕЛЕНЫЙ
B0053,73,discharge,1.0461578935615607,0.9064921203456381,ЗЕЛЕНЫЙ
B0053,75,discharge,1.0156263513525605,0.8800366468413124,ЗЕЛЕНЫЙ
B0053,77,discharge,1.0250054893129452,0.8881636367622876,ЗЕЛЕНЫЙ
B0053,81,discharge,0.9801331625592913,0.8492819240933879,ЖЕЛТЫЙ
B0053,83,discharge,1.036777776420363,0.8983642819679463,ЗЕЛЕНЫЙ
B0053,85,discharge,1.026830062058722,0.8897446226031661,ЗЕЛЕНЫЙ
B0053,87,discharge,1.0150379662805102,0.8795268132542172,ЗЕЛЕНЫЙ
B0053,89,discharge,0.9904614739486177,0.8582313694386087,ЗЕЛЕНЫЙ
B0053,93,discharge,1.0145765174582757,0.8791269694793217,ЗЕЛЕНЫЙ
B0053,95,discharge,0.9811308944080389,0.850146455216915,ЗЕЛЕНЫЙ
B0053,97,discharge,1.0041687429386437,0.8701086696123089,ЗЕЛЕНЫЙ
B0053,99,discharge,1.007820487960787,0.8732728937781419,ЗЕЛЕНЫЙ
B0053,101,discharge,0.982454133084564,0.8512930368572093,ЗЕЛЕНЫЙ
B0053,105,discharge,1.1096775355538027,0.961531665817227,ЗЕЛЕНЫЙ
B0053,109,discharge,1.1136801589914762,0.9649999248910169,ЗЕЛЕНЫЙ
B0053,111,discharge,1.0385009100572404,0.8998573711791878,ЗЕЛЕНЫЙ
B0053,113,discharge,1.0768815902180078,0.9331140950000979,ЗЕЛЕНЫЙ
B0053,115,discharge,1.0721705505837382,0.9290319957936743,ЗЕЛЕНЫЙ
B0053,117,discharge,1.0124588999851116,0.8772920614170269,ЗЕЛЕНЫЙ
B0053,121,discharge,1.0279944857549583,0.8907535916238829,ЗЕЛЕНЫЙ
B0053,123,discharge,1.0304147279049998,0.8928507228999963,ЗЕЛЕНЫЙ
B0053,125,discharge,1.0556163273995052,0.9146878198644915,ЗЕЛЕНЫЙ
B0053,127,discharge,1.0011115418162628,0.8674596156360346,ЗЕЛЕНЫЙ
B0053,129,discharge,1.0466839215498662,0.9069479217398778,ЗЕЛЕНЫЙ
B0053,133,discharge,1.047181656018543,0.9073792068992755,ЗЕЛЕНЫЙ
B0053,135,discharge,1.0102740078425778,0.8753988600912984,ЗЕЛЕНЫЙ
B0053,137,discharge,1.0102740078425778,0.8753988600912984,ЗЕЛЕНЫЙ
B0054,1,discharge,0.7399351039859233,0.6694717643592168,ОРАНЖЕВЫЙ
B0054,5,discharge,0.9225936247998934,0.8347358821796084,ЖЕЛТЫЙ
B0054,7,discharge,1.1052521456138635,1.0,ЗЕЛЕНЫЙ
B0054,9,discharge,1.0960302257185877,0.99165627505735,ЗЕЛЕНЫЙ
B0054,11,discharge,1.0754450685609742,0.9730314234890408,ЗЕЛЕНЫЙ
B0054,13,discharge,1.0655493528023796,0.964078067643621,ЗЕЛЕНЫЙ
B0054,17,discharge,1.0568368579972396,0.956195255708159,ЗЕЛЕНЫЙ
B0054,19,discharge,1.0449064445364842,0.9454009645519729,ЗЕЛЕНЫЙ
B0054,21,discharge,1.0458363976936966,0.94624235912506,ЗЕЛЕНЫЙ
B0054,23,discharge,1.018187920878015,0.9212268213354223,ЗЕЛЕНЫЙ
B0054,25,discharge,1.0226409233672233,0.9252557684918518,ЗЕЛЕНЫЙ
B0054,29,discharge,1.03890961861509,0.9399752108493519,ЗЕЛЕНЫЙ
B0054,31,discharge,1.0173250354350074,0.9204461076797812,ЗЕЛЕНЫЙ
B0054,33,discharge,1.033183911994548,0.934794758005841,ЗЕЛЕНЫЙ
B0054,35,discharge,1.0095232119739597,0.9133872446936211,ЗЕЛЕНЫЙ
B0054,37,discharge,0.9862483259626477,0.8923288046773069,ЗЕЛЕНЫЙ
B0054,41,discharge,1.0080048320000436,0.9120134586485619,ЗЕЛЕНЫЙ
B0054,43,discharge,1.0153387761254196,0.9186489980179993,ЗЕЛЕНЫЙ
B0054,45,discharge,1.0106786853355956,0.9144326833894167,ЗЕЛЕНЫЙ
B0054,47,discharge,1.010409656585336,0.9141892739996886,ЗЕЛЕНЫЙ
B0054,49,discharge,0.9801433323963482,0.8868051840351514,ЗЕЛЕНЫЙ
B0054,53,discharge,1.1016641723624385,0.9967537061423823,ЗЕЛЕНЫЙ
B0054,57,discharge,1.0826512239001271,0.979551343280873,ЗЕЛЕНЫЙ
B0054,59,discharge,1.0575008387868343,0.956796006217651,ЗЕЛЕНЫЙ
B0054,61,discharge,1.0385517331615322,0.9396514064984822,ЗЕЛЕНЫЙ
B0054,63,discharge,1.0073294901291132,0.9114024289630639,ЗЕЛЕНЫЙ
B0054,65,discharge,1.0160400308540347,0.91928347290357,ЗЕЛЕНЫЙ
B0054,69,discharge,1.0158319636440951,0.9190952197427277,ЗЕЛЕНЫЙ
B0054,71,discharge,1.0015383803216271,0.9061628012179672,ЗЕЛЕНЫЙ
B0054,73,discharge,0.9812488615918239,0.8878054347018096,ЗЕЛЕНЫЙ
B0054,75,discharge,0.9987416030110134,0.9036323584391746,ЗЕЛЕНЫЙ
B0054,77,discharge,0.9584014230949642,0.8671337367661589,ЗЕЛЕНЫЙ
B0054,81,discharge,0.9800846133894623,0.8867520567853027,ЗЕЛЕНЫЙ
B0054,83,discharge,0.9720372198962766,0.8794710091753781,ЗЕЛЕНЫЙ
B0054,85,discharge,0.9693202807518411,0.877012801647605,ЗЕЛЕНЫЙ
B0054,87,discharge,0.9479786388506265,0.8577035046822855,ЗЕЛЕНЫЙ
B0054,89,discharge,0.9638519569071228,0.8720652212548239,ЗЕЛЕНЫЙ
B0054,93,discharge,0.9682336695484697,0.8760296674300568,ЗЕЛЕНЫЙ
B0054,95,discharge,0.9407020864603765,0.8511198916858063,ЗЕЛЕНЫЙ
B0054,97,discharge,0.9618442077038963,0.870248668162216,ЗЕЛЕНЫЙ
B0054,99,discharge,0.9332340144199703,0.8443629972793644,ЖЕЛТЫЙ
B0054,101,discharge,0.9313454737145217,0.8426543005688959,ЖЕЛТЫЙ
B0054,105,discharge,0.9976429099116705,0.9026382928734997,ЗЕЛЕНЫЙ
B0054,109,discharge,0.9833315262972037,0.8896897691621811,ЗЕЛЕНЫЙ
B0054,111,discharge,0.9904370062777442,0.8961186008172368,ЗЕЛЕНЫЙ
B0054,113,discharge,0.9499871340436294,0.8595207327247494,ЗЕЛЕНЫЙ
B0054,115,discharge,0.9526027840900876,0.8618872968222164,ЗЕЛЕНЫЙ
B0054,117,discharge,0.8850175175465715,0.8007381130710474,ЖЕЛТЫЙ
B0054,121,discharge,0.9937402750241768,0.8991073023181038,ЗЕЛЕНЫЙ
B0054,123,discharge,0.995507330519279,0.9007060827431087,ЗЕЛЕНЫЙ
B0054,125,discharge,0.975407870968116,0.8825206762447575,ЗЕЛЕНЫЙ
B0054,127,discharge,0.965960558373922,0.8739730225426723,ЗЕЛЕНЫЙ
B0054,129,discharge,0.9573702621688754,0.866200772346971,ЗЕЛЕНЫЙ
B0054,133,discharge,0.9294756591964932,0.8409625467682372,ЖЕЛТЫЙ
B0054,135,discharge,0.9323553879823946,0.8435680416295948,ЖЕЛТЫЙ
B0054,137,discharge,0.954568378404969,0.8636657093977376,ЗЕЛЕНЫЙ
B0054,139,discharge,0.9330242104372937,0.8441731727370558,ЖЕЛТЫЙ
B0054,141,discharge,0.923294184000959,0.8353697277720786,ЖЕЛТЫЙ
B0054,145,discharge,0.9257799164262976,0.8376187461840339,ЖЕЛТЫЙ
B0054,147,discharge,0.9162765793280084,0.8290204031398672,ЖЕЛТЫЙ
B0054,149,discharge,0.9387011679112469,0.8493095187703859,ЖЕЛТЫЙ
B0054,151,discharge,0.9158990586877171,0.8286788334430434,ЖЕЛТЫЙ
B0054,153,discharge,0.9202608990433788,0.8326252997520855,ЖЕЛТЫЙ
B0054,157,discharge,0.9111253917360889,0.8243597584061187,ЖЕЛТЫЙ
B0054,159,discharge,0.8980507043695345,0.8125301614960918,ЖЕЛТЫЙ
B0054,161,discharge,0.9278864624016372,0.8395246877229844,ЖЕЛТЫЙ
B0054,163,discharge,0.9118415396987224,0.8250077082567256,ЖЕЛТЫЙ
B0054,165,discharge,0.8936491649329469,0.8085477766130994,ЖЕЛТЫЙ
B0054,169,discharge,0.9100864492604255,0.8234197534671676,ЖЕЛТЫЙ
B0054,173,discharge,0.9114904731460941,0.8246900734491196,ЖЕЛТЫЙ
B0054,175,discharge,0.9337172811638196,0.8448002429755316,ЖЕЛТЫЙ
B0054,177,discharge,0.8981517756068776,0.8126216078124316,ЖЕЛТЫЙ
B0054,179,discharge,0.9139367135371254,0.826903360616884,ЖЕЛТЫЙ
B0054,181,discharge,0.8764848617154279,0.7930180142094392,ЖЕЛТЫЙ
B0054,185,discharge,0.8854917958581964,0.8011672262951266,ЖЕЛТЫЙ
B0054,187,discharge,0.8819074622846708,0.7979242255122284,ЖЕЛТЫЙ
B0054,189,discharge,0.9045809105944795,0.8184385021863676,ЖЕЛТЫЙ
B0054,191,discharge,0.8734606349455996,0.7902817817743067,ЖЕЛТЫЙ
B0054,193,discharge,0.903131190986828,0.8171268380440226,ЖЕЛТЫЙ
B0054,197,discharge,0.8712217754060124,0.7882561267701776,ЖЕЛТЫЙ
B0054,199,discharge,0.8936499043476617,0.8085484456140307,ЖЕЛТЫЙ
B0054,201,discharge,0.8835064014687892,0.7993708991879718,ЖЕЛТЫЙ
B0054,203,discharge,0.8779403705367915,0.7943349162639972,ЖЕЛТЫЙ
B0054,205,discharge,0.8599389109365094,0.7780477191101893,ЖЕЛТЫЙ
B0054,209,discharge,0.8697358119609565,0.7869116702577402,ЖЕЛТЫЙ
B0054,211,discharge,0.8638271814812677,0.7815657132260014,ЖЕЛТЫЙ
B0054,213,discharge,0.8865694537789144,0.8021422598428963,ЖЕЛТЫЙ
B0054,215,discharge,0.8690078572313327,0.7862530379877078,ЖЕЛТЫЙ
B0054,217,discharge,0.8474446088377652,0.7667432379125484,ЖЕЛТЫЙ
B0054,221,discharge,0.8799727721580702,0.7961737741475527,ЖЕЛТЫЙ
B0054,225,discharge,0.9110444582768508,0.8242865321657904,ЖЕЛТЫЙ
B0054,227,discharge,0.9121724293355059,0.8253070875776314,ЖЕЛТЫЙ
B0054,229,discharge,0.8872043975884799,0.8027167385372695,ЖЕЛТЫЙ
B0054,231,discharge,0.8961236767959215,0.8107866429865279,ЖЕЛТЫЙ
B0054,233,discharge,0.8851334001128452,0.8008429602470819,ЖЕЛТЫЙ
B0054,237,discharge,0.8793386645436118,0.7956000520181953,ЖЕЛТЫЙ
B0054,239,discharge,0.8461224238450626,0.7655469633810312,ЖЕЛТЫЙ
B0054,241,discharge,0.8705933152969343,0.7876875143394557,ЖЕЛТЫЙ
B0054,243,discharge,0.8440520909609104,0.7636737863938902,ЖЕЛТЫЙ
B0054,245,discharge,0.8536244678403578,0.7723345946243333,ЖЕЛТЫЙ
B0054,249,discharge,0.8524519337958137,0.7712737199187765,ЖЕЛТЫЙ
B0054,251,discharge,0.8373919001793014,0.7576478394567685,ЖЕЛТЫЙ
B0054,253,discharge,0.8373919001793014,0.7576478394567685,ЖЕЛТЫЙ
B0055,1,discharge,0.7989997927037011,0.6256932296191627,ОРАНЖЕВЫЙ
B0055,5,discharge,1.0379915364084513,0.8128466148095813,ЖЕЛТЫЙ
B0055,7,discharge,1.2769832801132017,1.0,ЗЕЛЕНЫЙ
B0055,9,discharge,1.2572591312230865,0.9845541056039773,ЗЕЛЕНЫЙ
B0055,11,discharge,1.206763751299412,0.9450113952881475,ЗЕЛЕНЫЙ
B0055,13,discharge,1.2077322536103197,0.9457698251955632,ЗЕЛЕНЫЙ
B0055,17,discharge,1.2009614290093835,0.9404676221782019,ЗЕЛЕНЫЙ
B0055,19,discharge,1.189059086549973,0.9311469500560459,ЗЕЛЕНЫЙ
B0055,21,discharge,1.169708782604433,0.9159938119947357,ЗЕЛЕНЫЙ
B0055,23,discharge,1.1483647194613424,0.8992793698595196,ЗЕЛЕНЫЙ
B0055,25,discharge,1.1527726060972296,0.9027311665310441,ЗЕЛЕНЫЙ
B0055,29,discharge,1.1318370471727228,0.8863366222558434,ЗЕЛЕНЫЙ
B0055,31,discharge,1.1326525803383347,0.8869752626971965,ЗЕЛЕНЫЙ
B0055,33,discharge,1.1160565716574584,0.8739790011647783,ЗЕЛЕНЫЙ
B0055,35,discharge,1.0984641825068853,0.8602024784611971,ЗЕЛЕНЫЙ
B0055,37,discharge,1.0925694103096681,0.8555863082348379,ЗЕЛЕНЫЙ
B0055,41,discharge,1.109167680712031,0.8685843409114219,ЗЕЛЕНЫЙ
B0055,43,discharge,1.1075035028905713,0.8672811305660898,ЗЕЛЕНЫЙ
B0055,45,discharge,1.106751675424531,0.8666923777783684,ЗЕЛЕНЫЙ
B0055,47,discharge,1.0726694124582825,0.8400027072893177,ЖЕЛТЫЙ
B0055,49,discharge,1.0776844021506693,0.8439299236988718,ЖЕЛТЫЙ
B0055,53,discharge,1.1981714734535907,0.9382828202318948,ЗЕЛЕНЫЙ
B0055,57,discharge,1.1625381552680927,0.9103785252106326,ЗЕЛЕНЫЙ
B0055,59,discharge,1.1556827465844224,0.9050100847694527,ЗЕЛЕНЫЙ
B0055,61,discharge,1.137444098422356,0.8907274794714024,ЗЕЛЕНЫЙ
B0055,63,discharge,1.1126375352125493,0.8713015687362143,ЗЕЛЕНЫЙ
B0055,65,discharge,1.098656067845981,0.8603527430277611,ЗЕЛЕНЫЙ
B0055,69,discharge,1.0985302758884639,0.8602542358981251,ЗЕЛЕНЫЙ
B0055,71,discharge,1.1029370400968537,0.8637051536016045,ЗЕЛЕНЫЙ
B0055,73,discharge,1.0949644922735318,0.8574618864050166,ЗЕЛЕНЫЙ
B0055,75,discharge,1.0890679714830998,0.8528443468629882,ЗЕЛЕНЫЙ
B0055,77,discharge,1.073323391636053,0.8405148355121026,ЖЕЛТЫЙ
B0055,81,discharge,1.095373856745309,0.857782457925531,ЗЕЛЕНЫЙ
B0055,83,discharge,1.0639517466243125,0.8331759414500678,ЖЕЛТЫЙ
B0055,85,discharge,1.085798072407703,0.8502837032536944,ЗЕЛЕНЫЙ
B0055,87,discharge,1.0588748965507557,0.8292002824476205,ЖЕЛТЫЙ
B0055,89,discharge,1.0813260035191288,0.846781645741886,ЖЕЛТЫЙ
B0055,93,discharge,1.061601862588323,0.8313357575787635,ЖЕЛТЫЙ
B0055,95,discharge,1.0593920670581127,0.8296052764012697,ЖЕЛТЫЙ
B0055,97,discharge,1.0742513141424725,0.8412414875527913,ЖЕЛТЫЙ
B0055,99,discharge,1.0405614734131499,0.8148591211945284,ЖЕЛТЫЙ
B0055,101,discharge,1.0575656535324895,0.8281750199883108,ЖЕЛТЫЙ
B0055,105,discharge,1.0983528970914622,0.8601153313409833,ЗЕЛЕНЫЙ
B0055,109,discharge,1.109758993739737,0.8690473955472301,ЗЕЛЕНЫЙ
B0055,111,discharge,1.0793315779206873,0.8452198198123683,ЖЕЛТЫЙ
B0055,113,discharge,1.0716159094756148,0.8391777137290461,ЖЕЛТЫЙ
B0055,115,discharge,1.0746464211019797,0.8415508940780452,ЖЕЛТЫЙ
B0055,117,discharge,1.08643683065179,0.8507839120301401,ЗЕЛЕНЫЙ
B0055,121,discharge,1.1340138347387958,0.8880412550415445,ЗЕЛЕНЫЙ
B0055,123,discharge,1.1176964717951587,0.8752631997625508,ЗЕЛЕНЫЙ
B0055,125,discharge,1.1046468529644289,0.8650441005511869,ЗЕЛЕНЫЙ
B0055,127,discharge,1.089700148407426,0.8533394018368248,ЗЕЛЕНЫЙ
B0055,129,discharge,1.075533547538172,0.842245598895256,ЖЕЛТЫЙ
B0055,133,discharge,1.0609866776144368,0.8308540089267126,ЖЕЛТЫЙ
B0055,135,discharge,1.0518218041615568,0.8236770367645809,ЖЕЛТЫЙ
B0055,137,discharge,1.0553857898132757,0.8264679782805912,ЖЕЛТЫЙ
B0055,139,discharge,1.0533102333691788,0.8248426191420496,ЖЕЛТЫЙ
B0055,141,discharge,1.0315365260084348,0.8077917245063627,ЖЕЛТЫЙ
B0055,145,discharge,1.0533401053259415,0.8248660117402361,ЖЕЛТЫЙ
B0055,147,discharge,1.0317876798810788,0.8079884020013269,ЖЕЛТЫЙ
B0055,149,discharge,1.0354207912157296,0.8108334755361416,ЖЕЛТЫЙ
B0055,151,discharge,1.0322251791310608,0.8083310057431263,ЖЕЛТЫЙ
B0055,153,discharge,1.011543397303472,0.7921351931983016,ЖЕЛТЫЙ
B0055,157,discharge,1.0413760568150228,0.8154970178800673,ЖЕЛТЫЙ
B0055,159,discharge,1.02174193386881,0.8001216224054515,ЖЕЛТЫЙ
B0055,161,discharge,1.0133135547969283,0.7935213957594655,ЖЕЛТЫЙ
B0055,163,discharge,1.0299942559626907,0.8065839796049514,ЖЕЛТЫЙ
B0055,165,discharge,1.0189349807814327,0.7979235097667892,ЖЕЛТЫЙ
B0055,169,discharge,1.0290879520854017,0.8058742570178173,ЖЕЛТЫЙ
B0055,173,discharge,1.0567629241900045,0.8275464061646326,ЖЕЛТЫЙ
B0055,175,discharge,1.0291668536316647,0.8059360444722748,ЖЕЛТЫЙ
B0055,177,discharge,1.0321298444901021,0.808256349604363,ЖЕЛТЫЙ
B0055,179,discharge,1.0409230283951276,0.8151422533134907,ЖЕЛТЫЙ
B0055,181,discharge,1.011161098766987,0.7918358168928804,ЖЕЛТЫЙ
B0055,185,discharge,1.0337876112911784,0.8095545395077807,ЖЕЛТЫЙ
B0055,187,discharge,1.003994224020383,0.7862234687453238,ЖЕЛТЫЙ
B0055,189,discharge,1.0334195479955004,0.8092663107569349,ЖЕЛТЫЙ
B0055,191,discharge,1.0098936564116459,0.7908432883491795,ЖЕЛТЫЙ
B0055,193,discharge,1.0126262447940628,0.7929831663138892,ЖЕЛТЫЙ
B0055,197,discharge,0.9948742055727694,0.7790816223408783,ЖЕЛТЫЙ
B0055,199,discharge,1.0240799556179332,0.8019525169719927,ЖЕЛТЫЙ
B0055,201,discharge,1.0208889510043027,0.7994536552693181,ЖЕЛТЫЙ
B0055,203,discharge,1.016100815944114,0.7957040877262223,ЖЕЛТЫЙ
B0055,205,discharge,0.9987875345106277,0.7821461330504558,ЖЕЛТЫЙ
B0055,209,discharge,1.0158868294923784,0.7955365158753859,ЖЕЛТЫЙ
B0055,211,discharge,0.9963437517762594,0.7802324175207179,ЖЕЛТЫЙ
B0055,213,discharge,1.0053777381419529,0.7873068925795398,ЖЕЛТЫЙ
B0055,215,discharge,1.009132291002791,0.7902470664403167,ЖЕЛТЫЙ
B0055,217,discharge,0.9984581240784203,0.7818881731872865,ЖЕЛТЫЙ
B0055,221,discharge,1.0892389324114138,0.8529782256153386,ЗЕЛЕНЫЙ
B0055,225,discharge,1.0793936031703524,0.8452683915130561,ЖЕЛТЫЙ
B0055,227,discharge,1.032614295314224,0.8086357209177282,ЖЕЛТЫЙ
B0055,229,discharge,1.0498572649026638,0.8221386146963462,ЖЕЛТЫЙ
B0055,231,discharge,1.0453902697248563,0.8186405303851627,ЖЕЛТЫЙ
B0055,233,discharge,1.0001607736713514,0.7832215106079458,ЖЕЛТЫЙ
B0055,237,discharge,1.0084094786878157,0.789681035290002,ЖЕЛТЫЙ
B0055,239,discharge,1.003655158082039,0.785957947697692,ЖЕЛТЫЙ
B0055,241,discharge,1.0285269676595319,0.8054349525769479,ЖЕЛТЫЙ
B0055,243,discharge,0.9816844358987022,0.7687527716194359,ЖЕЛТЫЙ
B0055,245,discharge,1.0127121434171131,0.7930504331484579,ЖЕЛТЫЙ
B0055,249,discharge,1.0201379996149256,0.7988655885333852,ЖЕЛТЫЙ
B0055,251,discharge,0.9907591663373165,0.7758591531828732,ЖЕЛТЫЙ
B0056,1,discharge,0.7852781208785192,0.5960352980530729,КРАСНЫЙ
B0056,5,discharge,1.0513904158066356,0.7980176490265365,ЖЕЛТЫЙ
B0056,7,discharge,1.317502710734752,1.0,ЗЕЛЕНЫЙ
B0056,9,discharge,1.2973654679476911,0.9847155966944231,ЗЕЛЕНЫЙ
B0056,11,discharge,1.263960414854898,0.959360769853753,ЗЕЛЕНЫЙ
B0056,13,discharge,1.2589496187032136,0.955557516842691,ЗЕЛЕНЫЙ
B0056,17,discharge,1.2806197690202599,0.9720054149308559,ЗЕЛЕНЫЙ
B0056,19,discharge,1.2572786868607095,0.9542892599891075,ЗЕЛЕНЫЙ
B0056,21,discharge,1.2226260041048898,0.9279874676106353,ЗЕЛЕНЫЙ
B0056,23,discharge,1.2292772249257495,0.9330358221731473,ЗЕЛЕНЫЙ
B0056,25,discharge,1.2275780135689456,0.9317461008367439,ЗЕЛЕНЫЙ
B0056,29,discharge,1.2133872888296768,0.9209751744290443,ЗЕЛЕНЫЙ
B0056,31,discharge,1.230223614493081,0.933754142947458,ЗЕЛЕНЫЙ
B0056,33,discharge,1.1927530108462678,0.9053135155836507,ЗЕЛЕНЫЙ
B0056,35,discharge,1.1867106635987799,0.9007273031999826,ЗЕЛЕНЫЙ
B0056,37,discharge,1.1914875140242167,0.9043529886627266,ЗЕЛЕНЫЙ
B0056,41,discharge,1.214178606017816,0.9215757934499326,ЗЕЛЕНЫЙ
B0056,43,discharge,1.2094387558721402,0.9179781916332104,ЗЕЛЕНЫЙ
B0056,45,discharge,1.207072299940321,0.9161820238435445,ЗЕЛЕНЫЙ
B0056,47,discharge,1.162961249391913,0.8827012194482292,ЗЕЛЕНЫЙ
B0056,49,discharge,1.17887968705904,0.8947835002188315,ЗЕЛЕНЫЙ
B0056,53,discharge,1.2945104146044433,0.9825485777425944,ЗЕЛЕНЫЙ
B0056,57,discharge,1.2602567563003473,0.9565496495999773,ЗЕЛЕНЫЙ
B0056,59,discharge,1.2408721291565108,0.9418364903890746,ЗЕЛЕНЫЙ
B0056,61,discharge,1.252197340273113,0.9504324583702609,ЗЕЛЕНЫЙ
B0056,63,discharge,1.2279025700477384,0.9319924430082995,ЗЕЛЕНЫЙ
B0056,65,discharge,1.1917170308946994,0.9045271946576082,ЗЕЛЕНЫЙ
B0056,69,discharge,1.1858570240011006,0.9000793807397676,ЗЕЛЕНЫЙ
B0056,71,discharge,1.1840938286611427,0.898741094810189,ЗЕЛЕНЫЙ
B0056,73,discharge,1.2059829135917657,0.9153551668362084,ЗЕЛЕНЫЙ
B0056,75,discharge,1.165428493679393,0.8845738867811898,ЗЕЛЕНЫЙ
B0056,77,discharge,1.1790060613193858,0.8948794197636766,ЗЕЛЕНЫЙ
B0056,81,discharge,1.2013113747183153,0.9118094140757871,ЗЕЛЕНЫЙ
B0056,83,discharge,1.165597803317432,0.8847023947809528,ЗЕЛЕНЫЙ
B0056,85,discharge,1.180303335055002,0.8958640657344562,ЗЕЛЕНЫЙ
B0056,87,discharge,1.1658134189695046,0.8848660495881239,ЗЕЛЕНЫЙ
B0056,89,discharge,1.1763960515773761,0.892898391777363,ЗЕЛЕНЫЙ
B0056,93,discharge,1.1458325512940766,0.8697003368251611,ЗЕЛЕНЫЙ
B0056,95,discharge,1.167557759980296,0.886190024860872,ЗЕЛЕНЫЙ
B0056,97,discharge,1.145636654711916,0.869551649023182,ЗЕЛЕНЫЙ
B0056,99,discharge,1.1443667002824445,0.868587738725978,ЗЕЛЕНЫЙ
B0056,101,discharge,1.1605177686388095,0.8808465889163946,ЗЕЛЕНЫЙ
B0056,105,discharge,1.2272013042602479,0.9314601740560031,ЗЕЛЕНЫЙ
B0056,109,discharge,1.2454797202045476,0.9453337060004695,ЗЕЛЕНЫЙ
B0056,111,discharge,1.1722288849037228,0.8897354634283735,ЗЕЛЕНЫЙ
B0056,113,discharge,1.1953514999944956,0.9072857993042501,ЗЕЛЕНЫЙ
B0056,115,discharge,1.1919514716203925,0.9047051379163074,ЗЕЛЕНЫЙ
B0056,117,discharge,1.2296223665252586,0.9332977886926064,ЗЕЛЕНЫЙ
B0056,121,discharge,1.2774519419396988,0.969600997046361,ЗЕЛЕНЫЙ
B0056,123,discharge,1.2433879751668584,0.9437460469993563,ЗЕЛЕНЫЙ
B0056,125,discharge,1.230802542912592,0.9341935564035322,ЗЕЛЕНЫЙ
B0056,127,discharge,1.2162358534094664,0.9231372683333529,ЗЕЛЕНЫЙ
B0056,129,discharge,1.2088335726499548,0.9175188504741718,ЗЕЛЕНЫЙ
B0056,133,discharge,1.1946181162240357,0.9067291524264225,ЗЕЛЕНЫЙ
B0056,135,discharge,1.1734248134794991,0.8906431872349602,ЗЕЛЕНЫЙ
B0056,137,discharge,1.1404596305913128,0.8656222270353396,ЗЕЛЕНЫЙ
B0056,139,discharge,1.1821716406845988,0.8972821316058766,ЗЕЛЕНЫЙ
B0056,141,discharge,1.1480663382055174,0.8713958072733359,ЗЕЛЕНЫЙ
B0056,145,discharge,1.1825381935034152,0.8975603494917525,ЗЕЛЕНЫЙ
B0056,147,discharge,1.1552092862846601,0.8768173885884583,ЗЕЛЕНЫЙ
B0056,149,discharge,1.1216816712671696,0.8513695358103849,ЗЕЛЕНЫЙ
B0056,151,discharge,1.162666262561457,0.8824773209863493,ЗЕЛЕНЫЙ
B0056,153,discharge,1.124695615744926,0.853657154995681,ЗЕЛЕНЫЙ
B0056,157,discharge,1.1664177948797931,0.8853247779879702,ЗЕЛЕНЫЙ
B0056,159,discharge,1.1346745156379465,0.8612312569779498,ЗЕЛЕНЫЙ
B0056,161,discharge,1.1012231317092755,0.835841264489801,ЖЕЛТЫЙ
B0056,163,discharge,1.1560733948472832,0.8774732571157733,ЗЕЛЕНЫЙ
B0056,165,discharge,1.1385609898764002,0.8641811364786046,ЗЕЛЕНЫЙ
B0056,169,discharge,1.1757265448773706,0.8923902283447183,ЗЕЛЕНЫЙ
B0056,173,discharge,1.1969385632452556,0.9084903989136695,ЗЕЛЕНЫЙ
B0056,175,discharge,1.1267457988726266,0.8552132680199626,ЗЕЛЕНЫЙ
B0056,177,discharge,1.1601031368559531,0.880531878533275,ЗЕЛЕНЫЙ
B0056,179,discharge,1.1361458729690275,0.8623480344381346,ЗЕЛЕНЫЙ
B0056,181,discharge,1.1397253894261876,0.8650649293849115,ЗЕЛЕНЫЙ
B0056,185,discharge,1.1560010024767575,0.8774183104580277,ЗЕЛЕНЫЙ
B0056,187,discharge,1.126818619026835,0.8552685393705375,ЗЕЛЕНЫЙ
B0056,189,discharge,1.116688355680394,0.8475795507529796,ЖЕЛТЫЙ
B0056,191,discharge,1.1330613197666846,0.860006822403267,ЗЕЛЕНЫЙ
B0056,193,discharge,1.0893839897995972,0.8268552170128468,ЖЕЛТЫЙ
B0056,197,discharge,1.1120836459259367,0.8440845220771834,ЖЕЛТЫЙ
B0056,199,discharge,1.1279950254648337,0.8561614456457304,ЗЕЛЕНЫЙ
B0056,201,discharge,1.1386774565024178,0.8642695360128665,ЗЕЛЕНЫЙ
B0056,203,discharge,1.1271136962200643,0.8554925064188214,ЗЕЛЕНЫЙ
B0056,205,discharge,1.1101508869653747,0.8426175353720979,ЖЕЛТЫЙ
B0056,209,discharge,1.1344632260422465,0.8610708856982715,ЗЕЛЕНЫЙ
B0056,211,discharge,1.108458756302863,0.8413331883656556,ЖЕЛТЫЙ
B0056,213,discharge,1.0768220870214844,0.8173205855652141,ЖЕЛТЫЙ
B0056,215,discharge,1.128398212919817,0.8564674696498543,ЗЕЛЕНЫЙ
B0056,217,discharge,1.1066350346531368,0.8399489622575295,ЖЕЛТЫЙ
B0056,221,discharge,1.271609072217319,0.9651661904423418,ЗЕЛЕНЫЙ
B0056,225,discharge,1.2415767175377967,0.9423712812290062,ЗЕЛЕНЫЙ
B0056,227,discharge,1.174652904422814,0.8915753226554861,ЗЕЛЕНЫЙ
B0056,229,discharge,1.1989389885187762,0.9100087451434127,ЗЕЛЕНЫЙ
B0056,231,discharge,1.1461398965188563,0.8699336154531864,ЗЕЛЕНЫЙ
B0056,233,discharge,1.129224378671885,0.8570945391392274,ЗЕЛЕНЫЙ
B0056,237,discharge,1.1103432888019913,0.8427635706212468,ЖЕЛТЫЙ
B0056,239,discharge,1.153909472897475,0.8758308149923705,ЗЕЛЕНЫЙ
B0056,241,discharge,1.1302191455340138,0.8578495788473234,ЗЕЛЕНЫЙ
B0056,243,discharge,1.1258719408034097,0.8545499995028681,ЗЕЛЕНЫЙ
B0056,245,discharge,1.1430108283920968,0.8675586160689236,ЗЕЛЕНЫЙ
B0056,249,discharge,1.1372731775310292,0.8632036718139188,ЗЕЛЕНЫЙ
B0056,251,discharge,1.1290590137779504,0.8569690252464761,ЗЕЛЕНЫЙ
